Herbology,Defense Against the Dark Arts,Ancient Runes,Hogwarts House
5.727180298550763,4.8788608595139005,532.4842261151226,Ravenclaw
-5.987445780050746,5.520605073421985,367.7603030171392,Slytherin
7.7250166064392305,3.6607611688232367,602.5852838484592,Ravenclaw
-6.497214444598551,-6.9774280884246895,523.9821331934736,Gryffindor
-4.289196726941419,6.136871603822727,396.20180391410247,Slytherin
-5.215891145868072,-4.963949449852823,567.8424015938325,Gryffindor
7.922205496177112,-5.271935850836812,341.47560564416693,Hufflepuff
5.484188547740066,-6.049339619176023,484.8726713263256,Hufflepuff
5.320518357754184,-4.385569495868531,417.0640932879666,Hufflepuff
1.7053889315251418,-7.0909461383705175,435.50218282153816,Hufflepuff
-7.308855989623728,5.441920488261747,391.6529162915922,Slytherin
2.7424444339618588,1.9752731769185083,605.5906004179383,Ravenclaw
4.046727136762162,4.476498122360021,615.5310876490132,Ravenclaw
-5.518263685781008,-4.7065375662672135,596.6100889263835,Gryffindor
-4.820770852893141,-6.511987485578008,626.3728860307857,Gryffindor
6.8718573378725765,1.510882087334648,607.4427290526703,Ravenclaw
6.981588542540248,-4.581270261474805,403.3276902605525,Hufflepuff
5.949951054189216,2.6467831099799968,626.8233315636505,Ravenclaw
0.1315163054974428,-6.731671096812503,461.89673418950485,Hufflepuff
7.963183549223157,5.1122643835637325,663.157592339586,Ravenclaw
6.11314406193578,-5.081611883528949,407.3199405108696,Hufflepuff
-6.655229617697697,4.190220852191144,408.62799964753634,Slytherin
4.166334753886695,-6.125930323684193,455.1147406869151,Hufflepuff
-5.077751004602562,-2.3688887900158813,604.0963783054931,Gryffindor
3.331786028979228,-4.583420379432199,327.38462690306415,Hufflepuff
3.464527018807125,-6.0008134998843845,387.2356260460736,Hufflepuff
-2.832054657210328,-5.143419372851155,618.4414085954005,Gryffindor
4.470596381712079,3.0148337251116484,650.5954044412074,Ravenclaw
4.907536817133842,-4.135749839598836,325.8143841057654,Hufflepuff
7.198095103701769,2.790010918745341,587.6228267343893,Ravenclaw
6.738672109965893,-5.692137823348701,379.0419596079501,Hufflepuff
6.690899582239733,-3.8437314002707774,456.3540636074681,Hufflepuff
-8.887563696339651,6.193515715066601,376.5402382619666,Slytherin
-4.853242383525319,-4.94083695769108,603.4019170744108,Gryffindor
5.475306512698818,-4.864150306274456,482.0620580996968,Hufflepuff
6.603584822402266,5.91878579651734,573.2188619585679,Ravenclaw
5.1722758619274565,-4.400873111670082,385.0149322785431,Hufflepuff
7.254609476514043,4.150263289492602,667.2904112153512,Ravenclaw
4.3721050124103655,3.907121666260829,568.7877937159745,Ravenclaw
4.660387161137372,-4.961748495670465,354.73273102288323,Hufflepuff
-4.604619969975151,3.8774483245021134,403.71291151908974,Slytherin
-3.731583390209028,-6.4206680788778,592.0578084894732,Gryffindor
-5.996391408199898,-4.206281622512083,586.5663669451293,Gryffindor
-5.3151173064857415,5.080961662440525,373.2900322282527,Slytherin
-1.3897815697389886,6.5907450910048295,362.34630223638914,Slytherin
-4.159918828909026,-4.425297807980382,569.3116078495827,Gryffindor
-8.466872317161561,2.4058083805465857,462.1625940838477,Slytherin
-4.149147757648881,4.007418936801956,408.2826725668484,Slytherin
4.749802945846046,-6.7994411487517965,381.054579293513,Hufflepuff
-4.812674685782127,-5.792673013893156,592.320612107805,Gryffindor
-5.887282774348623,4.614093394908483,395.5129669617437,Slytherin
5.501649628380539,3.5250013096293724,654.4987457049356,Ravenclaw
4.760955687348787,-4.32235531177995,333.6560195053469,Hufflepuff
4.712187320128479,-1.9166200704041303,363.3569051959082,Hufflepuff
4.537302114503309,-3.7658535593551887,385.06261250357255,Hufflepuff
4.3478957474584,-4.055757287788343,465.411826568784,Hufflepuff
7.030299546150498,6.0816096613624415,540.539570096604,Ravenclaw
-5.177676827131712,-5.461048515582916,583.9009789986392,Gryffindor
7.199280557305688,-5.589850768521735,366.7438360311535,Hufflepuff
-2.457738111279645,4.636502500606741,448.2469179293768,Slytherin
6.551776365317947,-5.302273192044719,402.5438609598957,Hufflepuff
3.998021154306869,2.039673776121939,624.0858951051516,Ravenclaw
6.506027505582906,-4.408438262308951,411.03990190478265,Hufflepuff
7.632078695509895,5.57430814543727,636.6509269642495,Ravenclaw
5.54437673886142,2.982622717840377,645.247265223469,Ravenclaw
2.2628549354313416,-3.49734806499602,417.2556309736137,Hufflepuff
2.3987267447642164,-4.186807819064732,459.21001773686135,Hufflepuff
2.8237462830384312,-4.742898484815368,405.7418984473488,Hufflepuff
-4.917391145130838,-3.360623367778062,634.1718917533511,Gryffindor
4.6698509754366935,-4.7718915910727775,380.2449783858424,Hufflepuff
5.070565395322594,-6.611120436579647,437.2001972439055,Hufflepuff
5.613896018167057,-7.930759523309311,428.34971424877295,Hufflepuff
6.154023758537017,-5.616559199596363,386.4191261879637,Hufflepuff
-3.4640191301689454,-2.396957642127336,659.3533550509658,Gryffindor
-3.6096540503280985,-3.085446178723773,636.0795719842497,Gryffindor
6.96155360435082,3.4589128549463566,593.0667059477843,Ravenclaw
7.297099109535134,-4.237297072789048,392.29596800999326,Hufflepuff
4.380005410809342,-7.372957435720048,298.2189599119104,Hufflepuff
-3.7856221594879567,-5.291895411283647,615.0863313301887,Gryffindor
4.1521893682783775,4.546973968449776,609.1149083500918,Ravenclaw
-4.4429124927184365,6.624667943509652,374.422516668655,Slytherin
5.81125399995247,-3.8525969529995976,379.1414663677916,Hufflepuff
-3.7379586281520014,-6.633114579687891,621.4829544195684,Gryffindor
6.9627788390350505,-5.7175387451927016,384.62258254292,Hufflepuff
5.435313135279752,6.3557420120703485,628.4171762940286,Ravenclaw
4.204821103561154,-5.293030052289412,386.227460206767,Hufflepuff
7.056762549034356,3.169581963040176,635.974144011163,Ravenclaw
-6.93864145908022,-5.1426804708585125,593.3684428138996,Gryffindor
-7.551878451788433,5.298336462977353,372.0458319129935,Slytherin
5.2419668253895,-4.187979986881364,438.3153866981201,Hufflepuff
-9.573924459742496,3.4047712877179466,424.1737103817173,Slytherin
3.1898344848682485,5.8501912915779615,623.5655706886978,Ravenclaw
5.204957838617238,5.3596310084915775,606.48910681978,Ravenclaw
-4.459940037396295,-5.595125234247852,565.6424557351163,Gryffindor
5.282133070929046,6.1577628844546295,571.3624087031078,Ravenclaw
3.8020363786508353,-7.141149421297548,414.2573961481648,Hufflepuff
3.530123460247012,-4.023001417950553,395.7218484505045,Hufflepuff
3.649099472007122,6.051690924876692,690.8804539178152,Ravenclaw
6.474863131317236,4.362488464341468,527.9337937892278,Ravenclaw
4.07105323766236,-0.4984224410654052,419.5410370404423,Hufflepuff
-4.036462449149498,5.2608598069250565,374.5229978785511,Slytherin
5.234574629385135,-3.6250323189048657,480.13605325383776,Hufflepuff
8.127386769410322,-6.57100095123139,319.1080196126196,Hufflepuff
-5.078322642489496,4.04372186541756,456.635923784646,Slytherin
-7.7905820160194095,-4.29255452138743,532.3484938569541,Gryffindor
-9.953412078187052,6.089149949864727,358.904410560868,Slytherin
4.908872293819791,-3.5773541609040547,302.89290879777644,Hufflepuff
4.8700311219585775,6.502578796427902,627.6004488060165,Ravenclaw
5.440261803832966,-3.760672246218931,423.3265828622044,Hufflepuff
-1.3542832920553831,-7.413409427247831,597.7039642230521,Gryffindor
5.4231670616122765,5.966361937636419,612.3042514023821,Ravenclaw
-5.529584365411202,-4.694059601258023,622.3857795225591,Gryffindor
5.804108097003042,-3.892024319182312,425.2180272629188,Hufflepuff
-5.705504055909232,-5.995852111840954,596.599814445475,Gryffindor
-6.000505974326996,5.626819044344254,375.728085285858,Slytherin
-3.6530554555555073,-4.8989425324822005,627.3851026449479,Gryffindor
-6.188562987388673,-2.9915988793687287,565.3682291860599,Gryffindor
-3.691706482968064,-7.032985890341222,598.5899269585208,Gryffindor
4.067800533689656,4.637481242647566,595.4897379943877,Ravenclaw
-3.7987627805183455,-6.661027100731754,614.7657965558212,Gryffindor
-2.6006437718342896,-7.911833391441772,536.7796445862099,Gryffindor
-5.39052417277721,5.0467215959530565,415.6170329594536,Slytherin
-5.612528220440685,6.118966141749133,323.4515005267623,Slytherin
6.1608160861465295,-4.411569823924759,322.22165536711805,Hufflepuff
-2.811463112509757,-6.608558858847128,608.6887585885438,Gryffindor
3.2705984981449454,-4.7893829913883135,413.39553376675576,Hufflepuff
3.020527660191415,-4.766835504564386,444.9434954864912,Hufflepuff
5.647298066086288,-2.8163775377191747,348.35672446399064,Hufflepuff
5.626831896681051,-3.745028644248591,405.49289976007606,Hufflepuff
-5.6287442668394725,5.0083168103074085,437.7989845658098,Slytherin
8.272247367308207,3.0626724923901745,555.1066962558068,Ravenclaw
5.166446839060284,-6.509465307558137,380.1346584525196,Hufflepuff
7.329863878135122,-3.3882293086693736,426.94975282618486,Hufflepuff
1.604080645386337,-4.458123504230733,394.2019539453881,Hufflepuff
-2.8706729935202016,-4.264515445639522,606.9511449390733,Gryffindor
4.7709417415073245,3.8308662372447206,615.9485447610764,Ravenclaw
-5.195214988185951,-4.583909154797474,630.2490136557295,Gryffindor
-4.72777708858731,-4.988515227163389,648.8820637240212,Gryffindor
6.354748419748845,5.440067552335278,586.5497458798066,Ravenclaw
4.12080291200291,-5.398176221950281,394.06752811728296,Hufflepuff
-4.368506424964557,-4.762530837143403,572.8403769320282,Gryffindor
6.231948653378532,-4.178741273876153,377.1870268970792,Hufflepuff
3.2411885701974947,5.394599817797457,639.3262584764062,Ravenclaw
7.140489002772678,5.47556767659943,585.1080820440028,Ravenclaw
6.6174847663589365,-6.586907505621286,378.1014187422952,Hufflepuff
4.945813453890494,2.814286789956169,608.3003162088287,Ravenclaw
-6.6718089774476885,3.654716611158285,387.83613224479865,Ravenclaw
6.049238885737318,-5.05681327072416,387.68178055707983,Hufflepuff
5.415559805061089,-6.261834382824775,386.8046962172157,Hufflepuff
-3.5898117534314826,5.259697368184118,412.152266543836,Slytherin
-7.493774610990652,2.720351734619766,449.87630545327767,Slytherin
4.16319347542818,-4.955887741908954,394.6245135449816,Hufflepuff
5.073431532145102,-5.5836414622423245,376.8050967460728,Hufflepuff
-5.226165460163067,7.4369579604592015,352.85125591754206,Slytherin
8.573561389386674,-8.255019412022268,323.6682537657317,Hufflepuff
3.8589071451549217,5.967967703662612,627.5167873338708,Ravenclaw
-7.674307289259994,-2.208153067333725,544.6111192485308,Gryffindor
-3.3465421004709817,6.042535200802579,430.2352909227532,Slytherin
7.657913855354771,-5.682809648067849,391.1234753127249,Ravenclaw
7.116839373647253,4.797182211048663,595.3515164964689,Ravenclaw
-5.5274318566456255,-5.476233911005721,587.7793489345446,Gryffindor
5.803786856379642,-4.6247285531532825,435.0270046559933,Hufflepuff
4.391258944977983,-6.708950944689251,390.111484904905,Hufflepuff
6.125319934063066,-4.8739865696892,378.8926306777264,Hufflepuff
5.157632942950904,5.599266516397339,538.4505793272707,Ravenclaw
4.182950443030832,-2.9207267641220915,441.8065266436088,Hufflepuff
-7.287346257330445,-6.766931113578218,536.6330150743453,Gryffindor
-2.2776446475152032,7.628441229604538,412.47623732750094,Slytherin
5.825962656239157,4.5284492774443725,591.3579303110392,Ravenclaw
-8.64865175490565,-7.474469702535724,576.4978364268268,Gryffindor
4.90991620307176,3.6081949826123614,670.4428896193707,Ravenclaw
-5.130720381382153,-5.591322739053424,604.2878170704461,Gryffindor
-6.214961226617062,-7.051179450496028,551.139509568161,Gryffindor
6.626552730368086,-5.5266480195067285,363.1465862013903,Hufflepuff
-7.746425560329512,-4.790278531009412,547.3632662681209,Gryffindor
-5.335326548245293,-5.169490913529813,615.8067681292675,Gryffindor
1.905257349101088,4.853962837656369,651.4186513041814,Ravenclaw
3.73364165491103,-2.572919020469264,417.28147772160327,Hufflepuff
-5.412419543517469,-3.069303529143056,615.3631641719568,Gryffindor
1.9376656277622155,-1.8431329660364344,394.98893183953726,Hufflepuff
4.741617780361828,-6.066362612521184,370.37228964615446,Hufflepuff
3.840978664670317,-5.455868185538467,424.1314001560468,Hufflepuff
-5.549933778261311,-3.9911784583830494,606.656082071099,Gryffindor
6.0874448820419085,3.651532030400437,637.6132211474691,Ravenclaw
6.273324357618692,-2.2282775706040017,420.69438457643577,Hufflepuff
-4.943742616133272,3.7164152530831154,407.5263941790734,Slytherin
4.994598845871492,3.62780978338285,571.2755859306069,Ravenclaw
4.032515407358299,-5.4518119958997655,390.473813731226,Hufflepuff
7.433887889603149,-5.009054165532876,399.9310201456256,Hufflepuff
-5.704310342119002,-3.823280765445562,639.1714214405799,Gryffindor
2.9439783019412347,-5.665356060266589,360.8650784212755,Hufflepuff
6.561746803154089,-1.8307434777484013,346.89826052188386,Hufflepuff
4.45404862959058,-3.6198001021914967,452.7848731514724,Hufflepuff
3.851663148847189,-2.8547919543556053,399.2280784833497,Hufflepuff
-5.588384189150607,-5.729054680305334,594.5700101525472,Gryffindor
2.52618153586077,-5.798379689889284,363.96582505592505,Hufflepuff
6.040018559733928,3.966408922535998,662.4332921306551,Ravenclaw
4.502191862227737,5.2791325524926425,587.917503481591,Ravenclaw
-3.7835901867081305,2.9245519955160297,431.90165768333486,Slytherin
-6.422108373520403,5.214302399928272,435.73230965965536,Slytherin
-6.710169597290131,-4.307461438252797,538.8803199866671,Gryffindor
5.594671781046247,-4.0431567553743175,360.8538857261409,Hufflepuff
10.296759343358662,3.4671897081857748,593.2542195164856,Slytherin
-6.723347495162045,3.745740486528221,436.8555949924961,Slytherin
-4.936865995156434,-5.26453518706946,597.2128748307258,Gryffindor
4.39698849257681,3.690375775656058,614.0053811401796,Ravenclaw
4.269317077750986,-5.9656668440657405,409.9452290235061,Hufflepuff
6.8193028487530505,5.4114139419969725,592.8959292842176,Ravenclaw
-4.8840121910758985,-2.3751010129534125,607.3954926308081,Gryffindor
-3.950041179028336,4.447821646726244,394.6437711129717,Slytherin
-4.777998330560197,6.191370880234128,444.2831477855997,Slytherin
1.8690916025438948,5.928948431034594,675.9053382282099,Ravenclaw
4.972162114640804,-4.7456466570309805,406.318983111972,Hufflepuff
4.479951926847008,7.382755610767763,631.1633045582389,Ravenclaw
-3.4276910217983634,-5.31098888108585,631.0143822263242,Gryffindor
4.142216820668182,5.8446200813266005,632.4565701376972,Ravenclaw
8.576817271361147,-4.243224574806332,337.19150756573936,Hufflepuff
6.438242984161848,-2.27437621017206,416.3137629929717,Hufflepuff
5.0800186593236125,4.492780889068097,508.938508144804,Ravenclaw
7.449835638300586,2.1518466637943106,568.5209381719243,Ravenclaw
5.181160583266419,-5.77234856069598,419.5738353586065,Hufflepuff
2.03124568915557,-6.943322075781324,417.35645565165305,Hufflepuff
3.042225597019064,-6.1113486503047465,423.6354881734318,Hufflepuff
5.112727754885251,3.913734715680652,636.6273899469444,Ravenclaw
4.465065898178499,-5.26332536374359,363.8302164082732,Hufflepuff
3.651077278036276,-4.915810088062119,391.9935417006461,Hufflepuff
7.3068299435627475,3.884854723956243,630.7497915364828,Ravenclaw
2.730728274258476,9.667405456412162,572.0947469663245,Ravenclaw
-4.316909360524635,-6.514999608709228,607.2816528962687,Gryffindor
3.87089729521846,-4.809236332127161,378.77825263632377,Hufflepuff
3.128570833602728,-6.331277156839608,430.7268642031872,Hufflepuff
-6.005137508490438,-6.3011917128789126,558.9078755221758,Gryffindor
-4.038016149079205,-6.927692364428077,595.983416842946,Gryffindor
4.360554738248516,-5.1196770667855525,417.06510685492265,Hufflepuff
5.037105157544496,-2.4821131415207023,460.8610633500604,Hufflepuff
-6.929163703457602,-4.197173767552308,544.5216736119394,Gryffindor
-5.5867512268673085,-4.474098508648656,560.8055867665008,Gryffindor
6.7178557883593975,4.357746720829237,610.9441070782707,Ravenclaw
5.292818552382909,-3.938507532762327,461.4497571737206,Hufflepuff
3.441773503331206,-5.696190988885263,420.1859571607668,Hufflepuff
-4.890462901042412,5.102794389777504,406.1657425369645,Slytherin
1.1845714682715078,-6.7620894241275575,408.326957801984,Hufflepuff
3.2898418192781405,-5.328765968028309,409.749351551069,Hufflepuff
-6.315852665332162,5.653845081585858,388.2197944504426,Slytherin
7.675923051265691,7.081871474568138,569.9023852475804,Ravenclaw
5.783207823822317,-9.706176787699926,394.611044209752,Hufflepuff
-4.904819241191567,6.140486161818813,384.3865040093263,Slytherin
5.020075953037778,-6.927433222696292,385.5675051703364,Hufflepuff
-7.420798918373919,5.36339092380472,377.85172106440393,Slytherin
6.817740048690455,-7.852455080088474,446.892123655856,Hufflepuff
-6.608834276839419,-1.08831102524061,588.712266303403,Gryffindor
-5.671740156456174,-8.207533901967956,572.2814761469613,Gryffindor
6.108327707523338,4.894937773271153,591.5540364843797,Ravenclaw
-6.995686116235103,5.281439208845597,356.7167509002228,Slytherin
-1.6535957878496008,4.435863705200736,446.1241324503237,Slytherin
4.797199544558962,-4.103783719215227,399.2003420093752,Hufflepuff
8.829186189749233,-5.587472151961904,389.2985395157461,Hufflepuff
-7.47633035366372,3.2424679649795785,419.9702129721055,Slytherin
-6.332399534684013,3.032738721065145,489.25044695337766,Slytherin
-6.351586514314832,-6.815517915909855,593.5300792410737,Gryffindor
6.365450988191191,6.1403567426212575,601.2461335746431,Ravenclaw
-3.763881502098632,4.395738713100032,428.6117494783657,Slytherin
2.982664712031005,4.8748674269603205,619.9240551065316,Ravenclaw
-4.243310594668147,6.6423506790994535,391.71578104296464,Slytherin
5.331227844614902,-2.317256198759935,452.2738786659336,Hufflepuff
4.326584069346849,5.304087000788647,586.6283275784817,Ravenclaw
8.652803988300546,5.858884287820076,615.0185584137016,Ravenclaw
-5.600621507762419,2.536857223147228,490.51993745766,Slytherin
6.273558082146993,5.614264046849011,640.1053702040236,Ravenclaw
-4.180734253509606,-6.387985824784483,636.7778993933222,Gryffindor
3.892077909130968,-6.692621350157823,417.33977661893965,Ravenclaw
-2.072789844910764,6.915486866581787,380.7788132118395,Slytherin
3.600027956810992,5.3406856173451605,631.6778901838902,Ravenclaw
-6.614747374329476,4.021060855319957,393.6624107882125,Slytherin
3.3383313827416887,5.299789298810733,674.5847422598769,Ravenclaw
5.41732133207793,-2.499337834632752,419.20884282098433,Hufflepuff
3.052991454734104,-4.130167516417238,451.9062485333192,Hufflepuff
-6.8130344570994925,-2.837866068397185,576.2858997119117,Gryffindor
3.9829154509380658,5.35163742064488,607.2877437054501,Ravenclaw
-4.284523849094794,-5.076432132350707,610.9198813895089,Gryffindor
-4.1147017613078365,-3.897293771438892,621.2612330860243,Gryffindor
5.736038751572963,-3.6981544073998247,387.35136663385794,Hufflepuff
-4.323345230473416,-4.57055910172768,596.1575494575895,Gryffindor
-9.563072321784126,3.818708983922252,416.8934281736852,Slytherin
4.834819697872264,-4.817930618673,418.4577529258741,Hufflepuff
2.99395064352958,6.360225258578413,599.2351853689779,Ravenclaw
4.805572680387328,-6.304975109781776,389.2053009082005,Hufflepuff
8.242431612780566,4.948982928881176,614.7843695441667,Ravenclaw
5.470065876219051,5.241473542214806,623.5680477099055,Ravenclaw
-4.17109495010504,5.945577037927268,410.0580287844673,Slytherin
8.135189390635427,2.5415562150222004,565.8837789245204,Ravenclaw
4.754538763199951,-7.460655561705106,382.600311868506,Hufflepuff
3.0042298459448067,4.8948754993447485,625.5843833732472,Ravenclaw
6.381638009666908,-3.090370036338124,430.0873281585602,Hufflepuff
5.9495514512439325,-7.1295045392359615,400.6480777629913,Hufflepuff
5.294272716407911,-3.906564801176275,386.4337750708654,Hufflepuff
3.17321492253707,-4.3224990617562815,391.51052384298765,Hufflepuff
3.5538429670816587,5.029804263582339,598.1171573178638,Ravenclaw
6.079544376119992,-7.734238326036853,391.5263350521888,Hufflepuff
-7.134159655543088,3.9087628168494337,401.3589255767004,Slytherin
7.194717351592419,5.162067634777757,614.1988082242822,Ravenclaw
6.291111468943551,-7.534635137796266,283.8696087336624,Hufflepuff
2.3041025245565963,-6.811822459682173,395.01514000869753,Hufflepuff
-4.049053712215319,-8.425382284675731,626.9812130921575,Gryffindor
3.186441827865093,-3.9241615224906177,461.2626553856917,Hufflepuff
5.648346269985304,3.6322840486560666,623.5225638723582,Ravenclaw
2.664776100715195,-5.425036971732012,418.7204308752469,Hufflepuff
5.107171079854453,-5.507886502692499,397.7118039517038,Hufflepuff
-3.970991204053661,4.399593128776637,398.5531849342448,Slytherin
6.69788734413241,-4.720090214862,415.001099890566,Hufflepuff
2.198892130854388,-6.254850371120691,408.25978443942927,Hufflepuff
7.528875287922487,3.5131996433236834,640.6980782758437,Ravenclaw
7.173929700176274,2.1979785200060182,602.4187066559796,Ravenclaw
-5.8126342008269845,-7.386147903861419,601.028420609672,Gryffindor
-6.127944835001516,4.601186777288107,379.6486936206517,Slytherin
6.705871538358892,4.8440153838717634,623.8385689820017,Ravenclaw
-6.855740092612716,-6.345014997987944,617.5538107608605,Gryffindor
-4.779485887847998,5.970759695877956,396.237252407457,Slytherin
5.574775411439235,-5.8711026821105765,441.5592176143104,Hufflepuff
4.237448021857946,5.184843319735563,658.3120331638389,Ravenclaw
4.642110002526162,-7.627086353490252,413.953832355,Hufflepuff
5.287446756952092,4.52730458413795,546.0176495891253,Ravenclaw
-3.7173262839230734,6.461293234850025,397.5110469338152,Slytherin
-6.650035409294263,-5.532228659619129,604.494339305627,Gryffindor
-3.8479971524283823,6.972182100649942,378.0686321452762,Slytherin
-7.440085182148013,-5.0998015801708885,567.1092438808364,Gryffindor
5.629017184062039,5.617576774602653,587.8061616790995,Ravenclaw
6.0253719748078085,-6.039817376579277,351.05527687569503,Hufflepuff
-5.145374066186927,3.78210633689953,423.792627556952,Slytherin
7.499252621100725,-3.6865910441136585,377.80979775736336,Hufflepuff
-1.1837491527493371,6.6754413530293855,385.4361324862615,Slytherin
5.926021223903318,-6.7346242706271084,385.2992867359632,Hufflepuff
5.246918827031601,-5.39565661806701,439.8788953579015,Hufflepuff
6.451870362018839,-3.393772265706463,400.45995330802185,Hufflepuff
-4.93204934030035,-7.869513828347423,564.6225020399143,Gryffindor
6.005068684102984,-6.417789060982134,382.6814264919278,Hufflepuff
4.565073051968788,5.391979880438512,612.6266586543983,Ravenclaw
-7.320354733922531,-0.9114672493805624,592.5766320388549,Gryffindor
6.772669880459838,5.990982941500016,593.9421501102267,Ravenclaw
5.353447564347258,-4.92403637026018,435.95286520757486,Hufflepuff
4.706565677551335,-7.044890765114412,352.8471790196822,Hufflepuff
4.217692877949372,-3.794956683045157,380.8913446622989,Hufflepuff
6.443582073001375,7.216453906095376,565.4197633193137,Ravenclaw
3.177251700744145,8.344753351715907,578.0457427092351,Ravenclaw
-4.672220154574621,4.198789047838474,444.9568746558168,Slytherin
5.7182566670612776,4.523093951688416,600.8918322946573,Ravenclaw
8.361642264560599,-6.3269857738431385,358.42320819029334,Hufflepuff
3.670861367388815,4.75384035406759,590.3804543513389,Ravenclaw
6.215314295749327,5.272283383424695,596.9545517861859,Ravenclaw
3.135083196690392,5.203390056641314,610.336076700817,Ravenclaw
2.639221837586736,-5.104489572237131,348.1352064320032,Ravenclaw
1.4988008145152083,-5.7959217468758135,407.6347584815886,Hufflepuff
-3.4730187614651484,-6.218990839137041,637.6826449881041,Gryffindor
2.0667174104706376,5.245204760103659,639.4244919829389,Ravenclaw
-5.610499111281979,-4.177877440443306,594.3636927397704,Gryffindor
4.071564892419808,-6.8034746565145285,403.0186607094552,Hufflepuff
-3.173106852211011,5.614634459942157,397.5429087749106,Slytherin
4.882572882916699,-4.5278006162280215,383.1755476596521,Hufflepuff
-5.305059563490682,6.54220529113255,326.63658884603484,Slytherin
2.4527548503171777,6.132179596193963,544.0375486694694,Ravenclaw
-5.869778897635538,-6.00473294286454,572.7279176483212,Gryffindor
-5.677365110736727,-6.402052369010089,601.0621258458191,Gryffindor
1.4451019404136582,4.629080940232932,597.7732188357452,Ravenclaw
1.3289928929088228,-4.627314628432994,444.6604652050081,Hufflepuff
-4.991925108704158,-4.948341411728032,611.0161622649158,Gryffindor
-3.570549422972838,-5.9375284796505206,587.5668387733423,Gryffindor
3.335736204247824,-4.355695809472692,417.6517443932835,Hufflepuff
-6.050627244244393,-6.594102760011902,557.6415340028766,Gryffindor
3.032453200987587,7.326042640354513,608.7013851651373,Ravenclaw
-6.180161180423785,-2.3918827926487527,632.9842851592583,Gryffindor
8.464088897532653,-6.0466751279736615,350.3018425725158,Hufflepuff
7.475348695553915,-7.242101816550115,315.70420686755614,Hufflepuff
5.465607951061237,4.5915655987425685,584.5562213501001,Ravenclaw
3.5264274777773053,-2.7266070441113275,397.9619765623471,Hufflepuff
4.645922653342024,-5.7463348567500105,395.0876144687507,Hufflepuff
-6.279349907173388,-2.784625454456463,563.656878963847,Gryffindor
7.50480611296171,2.7353464712461286,583.6213262647477,Ravenclaw
6.372209361914518,-5.622372452094488,396.49687630181,Hufflepuff
4.188706486308817,-6.076215383618213,353.91400224442214,Hufflepuff
-5.724800386172682,-3.766224271990093,594.4549300475793,Gryffindor
-6.987188901520021,2.786530278835336,429.31775035978256,Slytherin
5.185773167194882,-7.172686503460463,336.03108524921794,Hufflepuff
7.648049451873495,7.5870603711867775,616.8807893747163,Ravenclaw
-4.236670757995288,-9.56484438446477,604.311144910978,Gryffindor
5.610285477484294,-7.09875949690243,328.7159240775466,Hufflepuff
-5.598796325331231,-4.177583135303708,599.2148614291089,Gryffindor
3.7382497372807,-4.108192666063331,413.8686017217224,Hufflepuff
3.221112205512709,-7.062276506980213,434.221693838584,Hufflepuff
5.640621561077754,-4.5254525486283885,396.2920871338079,Hufflepuff
-2.9960155785070395,7.358449150574124,345.6513310742178,Slytherin
-7.878590357704986,-6.340310860642327,578.9511769193037,Gryffindor
6.540478293019841,4.598948275698624,617.6875477509625,Ravenclaw
4.555615495673374,3.1479551222411097,576.2049635458487,Ravenclaw
-6.680623970536969,-5.382348569303581,556.1412936333761,Gryffindor
7.465972100607786,-5.213999187856434,411.9717348289595,Hufflepuff
4.756785678148924,-5.373443059357294,395.9415587840149,Hufflepuff
-4.982693621903792,-5.3028299741533855,627.8028082235269,Ravenclaw
-5.319455594253428,-4.304653336829864,576.8751592778235,Gryffindor
4.868087606516915,3.544568063950059,535.1024639680702,Ravenclaw
3.931262098896832,-7.597173645831624,396.2899378436185,Hufflepuff
6.0028975974266645,-5.763820184779549,347.5395781240191,Hufflepuff
3.2883061493645336,6.150795177450247,551.6965927196051,Ravenclaw
3.736741302374431,-6.679311578279632,388.53596195907903,Hufflepuff
-6.081471612679709,-4.744380242756166,545.5686301987799,Gryffindor
5.131928361699223,-3.5918316714929617,399.04129957349136,Hufflepuff
5.946966165131987,2.5934752075465464,583.2199463012495,Gryffindor
2.9895549634002854,5.110619942512429,663.7078900316577,Ravenclaw
-2.5966959008004267,-5.860945563493209,652.1476705034981,Gryffindor
6.753362020280843,4.093996585318081,640.2603522638933,Ravenclaw
4.968604746655488,-3.875940546449376,427.8987151446321,Hufflepuff
-6.155875704565423,-3.83534018537776,554.5658957950559,Gryffindor
-4.236539957075953,7.043539538636386,343.94400609756514,Slytherin
-2.7246921388625043,-5.046357641653438,629.9080606526823,Gryffindor
-7.095247875170831,5.799387797057798,415.20839915764526,Slytherin
5.180744698357874,6.309583995003441,616.3604136279919,Ravenclaw
-6.427009833572428,-4.746363366941703,610.6254957091297,Gryffindor
-6.802548265388247,-4.11043314295632,575.7238710312366,Gryffindor
-5.249943170689676,-6.177868242687192,607.3685938539325,Gryffindor
5.039512136821782,3.1301295841229377,591.4533171157891,Ravenclaw
4.681064891382916,-4.043495935387639,419.5813077635636,Hufflepuff
-4.0591824806935,-2.8870311386325254,651.5534744705825,Gryffindor
4.95238530165257,5.152133206895481,636.4915235009425,Ravenclaw
6.925201622042708,6.533102078099739,610.7140264619057,Ravenclaw
6.7751602780575615,-5.580903141065528,449.31752646430994,Hufflepuff
-5.758541665880923,-3.898878120780633,581.3451136616344,Gryffindor
4.42720773096332,6.073251365474311,561.3296774129989,Ravenclaw
-2.8282045863505125,5.10289542239016,387.9448517648036,Slytherin
-6.275341691272395,7.151654956536532,365.1516475576977,Slytherin
-5.88106165185962,-2.5625235899508594,617.6821326104607,Gryffindor
8.681350333284053,2.9996779989414537,631.4899110289842,Ravenclaw
5.817988561210952,4.105673097116068,610.1866990663259,Ravenclaw
-3.4460370568615004,6.453053197765787,372.74175332647934,Slytherin
7.596626536758369,-3.486726877526558,430.6627700129887,Hufflepuff
-5.842865959425247,-4.748477842368417,581.4277768878081,Gryffindor
3.549710488152264,-5.0996622004338485,364.99484842756783,Hufflepuff
-4.133029905728471,-4.770026539839353,604.1708124620393,Gryffindor
5.1833337322876405,-5.74846258240038,364.2249061722448,Hufflepuff
5.939489195920973,-3.6675351753313854,362.3057092500737,Hufflepuff
3.5114667329450864,4.284509288631907,618.8840565190873,Ravenclaw
-4.492678059542741,-5.296343455403557,617.0386582280739,Gryffindor
3.911036256959592,-2.5430997922809166,399.6055043219065,Hufflepuff
3.5878855459173424,-7.032140376092082,431.8837159930976,Hufflepuff
3.9220819895983534,-4.31491068028304,333.70473751706606,Hufflepuff
3.514383023547346,5.675401640706687,594.8090756526118,Ravenclaw
4.626356786930005,4.536639796075903,603.742761344829,Ravenclaw
4.273556400049396,-7.255976408512652,382.61349461623166,Hufflepuff
6.2964695835810005,-4.200188576086634,384.1764654736427,Hufflepuff
4.217185984377911,-2.3288877699150805,503.3779359041028,Hufflepuff
2.790935804329969,4.9068196977886185,561.6213303072892,Ravenclaw
6.068990348145072,-4.763977496015972,365.22802473404977,Hufflepuff
-4.052347780268112,-4.121285044359027,627.9730237480028,Gryffindor
8.20187556683478,-4.573085781456805,379.9919093681388,Hufflepuff
-7.814648798262405,5.48252821398608,367.13012383343056,Slytherin
-7.303554574444176,-3.4994183509197763,601.9920492911642,Gryffindor
-8.558150432016014,-4.007982702603816,583.0611377666755,Gryffindor
3.8611054287839166,-1.3572156796666093,436.1159657868672,Hufflepuff
-3.2482474525793834,-3.52651177582941,617.2490492433557,Gryffindor
3.0706969609359804,6.386643375482197,570.0235401622484,Ravenclaw
6.098228791819545,-5.074782547968611,442.1729676798249,Hufflepuff
-5.149470770538636,4.8711026753325575,386.0004662138371,Slytherin
-4.8785026622188425,4.425858682590643,380.8759177831605,Slytherin
5.216779936075136,5.618117951882484,578.9995433974888,Ravenclaw
4.496714456150161,7.084452479959828,585.7967256112862,Ravenclaw
-3.4337869102238194,3.0105569934037426,435.8832542484332,Slytherin
4.385445817572712,-1.9561265188910024,398.4978923057157,Hufflepuff
6.837672971140991,4.306524556906268,578.614440713356,Ravenclaw
9.460452148785844,5.744242787556063,573.9220846552782,Ravenclaw
9.132216167019532,-4.866954935015149,351.3748806816198,Hufflepuff
-6.07774411934846,-2.1726967200347795,609.9417851061163,Gryffindor
3.645427599031052,5.894798999086478,614.4259612136294,Ravenclaw
3.820398336002017,7.394546373772976,579.1290757809908,Ravenclaw
-5.860764956966348,6.158800165145693,366.5317559557711,Slytherin
-6.3086089548781175,-4.430747246823851,542.5660380347808,Gryffindor
4.408438322184726,7.349979265001112,568.9521049751703,Ravenclaw
5.065645815331699,4.770892308279152,580.4989872975502,Ravenclaw
7.217582717502638,2.8578368233633613,607.1918851637639,Ravenclaw
7.177095283319561,4.975708770589295,601.3016044680871,Ravenclaw
-6.396002139488733,5.0015740325068245,374.2283838638125,Slytherin
6.383589184342432,-5.631975418638233,449.3842536293274,Hufflepuff
4.241942955162856,5.81774988324162,611.7405704855347,Ravenclaw
4.551859005450488,5.906621574402813,584.2190870494833,Ravenclaw
-5.15117094481354,5.870672407627732,407.53933232146215,Slytherin
6.062585087022525,-4.929444102284993,330.1794215648631,Hufflepuff
-3.4731319034642403,-6.608011784085858,645.6624216636833,Gryffindor
-4.761269086369323,-6.047510420472351,616.0443845200025,Gryffindor
2.2841613501923,5.202579349163169,609.3283561171056,Ravenclaw
5.9827935727807775,-4.087345614640177,395.1915106324108,Hufflepuff
-6.770930139336783,3.4106718096814665,431.6946668749955,Slytherin
-3.723668334016371,-5.851630452678715,614.5387966597561,Gryffindor
5.83376427578388,-6.994334415692612,431.19614151295474,Hufflepuff
-5.197873501589196,-4.874959645034556,596.5625286936499,Gryffindor
-4.820427319978704,-6.100768211219482,632.6343549557041,Gryffindor
5.65791462173379,-7.6034290368019555,379.6189484764891,Hufflepuff
6.641025542431646,-3.742853948620572,372.6753813218698,Hufflepuff
-6.122203361558436,-4.541422530134394,582.5148797995021,Gryffindor
4.698099580431473,5.337511005095837,577.6267712329169,Ravenclaw
3.052108862988584,5.45079490907422,636.5898622662787,Ravenclaw
4.048432963641019,-5.354303867812686,390.9267936059132,Hufflepuff
7.824663314582906,5.995641198827987,586.1626266390185,Ravenclaw
3.97958142671794,6.935505849001568,613.2129471845923,Ravenclaw
6.063934220852053,6.391249720856504,589.8445336546629,Ravenclaw
2.6216392728162488,-4.686621311511731,361.7148151149077,Hufflepuff
-5.458226015964353,6.264249286133954,377.86845147094056,Slytherin
-5.6288093088624525,5.567778640709257,386.0862370009991,Slytherin
8.46534045279428,5.469660940919434,559.0539082301991,Ravenclaw
-5.446190500612492,4.341532577188056,416.6197079107144,Slytherin
4.424230689678133,-7.202056186494337,411.1788456930316,Hufflepuff
4.25731445258506,-3.700487276855825,446.6533996565047,Hufflepuff
6.199773691417855,-2.062341293390876,454.5897160029713,Hufflepuff
-4.125073593497643,4.358130991042674,403.05219528287097,Slytherin
4.797673467781672,-4.889053745872594,422.4493898931785,Hufflepuff
-3.945846798075228,4.8764724064309535,460.5686289828995,Slytherin
5.302900670696131,-4.969096577792112,399.5805919112912,Hufflepuff
6.177718869726896,6.972616601399992,587.2787004147419,Ravenclaw
-6.580078768169696,-3.478291683172313,549.628687921821,Gryffindor
-4.985534386257685,-6.7620984698251565,636.7725729199635,Gryffindor
7.4692085632446625,-5.326000365074969,373.8662765419592,Hufflepuff
-3.2532510909291474,7.418085100269913,356.48174410259315,Slytherin
-5.954995668732468,6.27331020621663,385.75632072583846,Slytherin
7.874109797738187,3.6388647468029975,617.5158954365752,Ravenclaw
7.3378057090708015,-4.917967362826102,314.30122353349253,Hufflepuff
-2.7735255710188844,6.100493304427763,399.0583963784719,Slytherin
5.3393145640437565,-8.055828429627391,360.1666549283948,Hufflepuff
5.5710923216128005,-5.196336699237465,390.076785844714,Hufflepuff
-7.0815545700817575,-5.351601892101503,563.0920991308752,Gryffindor
-3.2732257343677027,-7.237388468376143,641.5758991739306,Gryffindor
-5.1487392895245945,3.4309779780150715,450.7896991195372,Slytherin
4.349408073146609,5.846479623812125,569.4155603033925,Ravenclaw
7.809491453853131,3.000700123151555,555.7650677511333,Ravenclaw
4.680708651472943,-4.498728586408031,373.3932091219437,Hufflepuff
-5.519751078273735,-5.421615787269393,579.5418493727008,Gryffindor
4.031818167273793,4.938838976488537,582.2461673650957,Ravenclaw
3.575001143879541,-6.466169347557128,383.492673633032,Hufflepuff
-5.603982452717737,4.846402735627208,366.7062468814712,Slytherin
-4.47576553532044,4.393930493370409,442.45117990695184,Ravenclaw
2.996279391284621,5.352110603962193,598.498108996892,Ravenclaw
7.222445111940154,-5.328517360302609,352.5459248957926,Hufflepuff
3.8271254361697538,6.539460906987356,620.7270662122747,Ravenclaw
-1.010892414801944,5.688396991849937,413.1300979030377,Slytherin
-4.5865216042910095,4.37762336936034,387.8066367630008,Slytherin
5.272244762122208,-6.283662849369023,395.1537341681809,Hufflepuff
2.5168182662108607,3.993505395801309,655.2549129424716,Ravenclaw
3.627426070922035,5.661450426360376,617.9416404643227,Ravenclaw
6.311156606697378,4.403387601078991,627.451156047226,Ravenclaw
3.612721155842772,5.100493123791517,613.2270977969763,Ravenclaw
-5.731569138460287,4.914586530221478,400.11402619644167,Slytherin
6.949796789013398,5.4601249514628565,569.8515365506172,Ravenclaw
-4.0140754878697456,-3.421291390708165,615.7126106319962,Gryffindor
4.711869637353567,5.390049144304268,588.489376182051,Ravenclaw
7.35780282366601,3.8047127165549535,552.7528233926955,Ravenclaw
5.872995558789501,-7.175571810537432,410.1246185457955,Hufflepuff
4.892875036595275,-5.969110244310008,409.6526277683738,Hufflepuff
5.949923487512812,3.7924975752843375,587.3105987491152,Ravenclaw
6.6526696015730815,3.3831682561394367,572.1756070016962,Ravenclaw
4.230244978702424,3.4194100797818963,618.4992813812937,Gryffindor
7.469537151467064,-6.169879337259188,351.03124653586264,Hufflepuff
-8.265147728529909,-6.5436521997652815,552.9989979845674,Gryffindor
5.062319999221515,4.243967186718529,595.9429729272632,Ravenclaw
6.054144838850613,5.022013065488439,590.2175211023471,Ravenclaw
3.5865187736200603,7.136090850123527,563.1039030635918,Ravenclaw
-5.678248373687673,4.5036704691074725,378.32600633384567,Slytherin
-8.713620342072183,4.809750831276629,356.28631716499603,Slytherin
3.6495435395311135,-4.1703791770678285,408.8489201352894,Hufflepuff
3.663288247346257,5.418154293192392,561.3518564555626,Ravenclaw
-3.1064160703650563,-4.609915652623603,619.6847188573032,Gryffindor
7.3799700541480515,5.861417786640008,603.5968875513715,Ravenclaw
-6.684970090068117,5.624312286041292,378.016062520922,Slytherin
5.307487365770244,-5.843574778275622,453.3304856552162,Hufflepuff
8.270781786029048,-5.5934067842100745,385.41798540681145,Hufflepuff
-3.017912819610725,4.737740773693964,393.78776391362817,Slytherin
-4.899587979860852,-4.638695748201254,572.3820508914129,Gryffindor
5.017048203465287,3.2464948949822228,596.488829400703,Ravenclaw
5.8037575103164025,2.9438117072474395,642.5991580274107,Ravenclaw
6.082425396675072,5.3672527064096585,615.3350676586273,Ravenclaw
-3.51474578888764,3.8889055281548734,458.3807161533793,Slytherin
3.0876440499028144,-4.2353330355566925,451.0132693619752,Hufflepuff
-4.3250733323133215,6.438472830145204,403.9373332817112,Slytherin
-6.725379031510682,-4.6237191873523615,587.3230910348755,Gryffindor
-8.420350592954499,-3.1123755857804087,540.008171318455,Gryffindor
2.26948426138587,-6.376831648362489,451.1729669618945,Hufflepuff
5.014411767264819,-6.164022439992608,390.5319994189705,Hufflepuff
6.360130078799733,7.644022977481072,571.7766628950061,Ravenclaw
-2.21498505829532,-7.949029895050696,598.3041089421015,Gryffindor
2.245071928052255,5.3465378687776495,607.6576391702246,Ravenclaw
2.1697125370629164,4.608951021577619,641.9959631061897,Ravenclaw
-4.261208644277211,6.3312694163561725,388.2611861039331,Slytherin
4.899694553907711,-7.673346022076872,354.50069393932444,Hufflepuff
4.072104183407772,4.427719664547428,536.1225080307736,Ravenclaw
6.623409622257488,-4.373811654126103,404.6439806804137,Hufflepuff
6.820773232386619,3.831680329985901,622.6543949357748,Ravenclaw
9.06907680598236,-4.819189692646176,406.7769754427954,Hufflepuff
-5.640473071860651,-1.993109117856388,604.6451055690114,Gryffindor
-6.783144005684125,-2.7074104185942027,567.3518380001963,Gryffindor
3.72637279749959,-5.623227611282958,366.60840587795394,Hufflepuff
5.1071031758458645,-2.3220774160951625,391.5244705144792,Hufflepuff
-1.919077634291552,-5.133770447990878,696.6504423003707,Gryffindor
2.9359230592771453,-8.02726865709818,328.7538476856115,Hufflepuff
-2.314444018379577,5.876312452456295,387.9010773506287,Slytherin
4.788227859169645,5.363484047027247,562.3065863141346,Ravenclaw
6.507565134803432,-6.1929822429679735,402.2395078208797,Hufflepuff
7.163628052691895,-7.478422978737239,339.06348133055326,Hufflepuff
3.96061783795838,-3.725274870664087,406.55725783599365,Hufflepuff
-6.344534626746317,4.225831087772422,418.4489578655587,Slytherin
5.536146840539229,-4.595051335386418,370.375499531796,Hufflepuff
-2.2305129167623456,4.7122232346950845,445.5349105816361,Slytherin
7.655441556430437,4.939296358872365,552.7763402531309,Ravenclaw
-5.738558508691787,-4.1346484793288365,587.2068938284185,Gryffindor
4.610215562713084,3.943481480153058,621.9063999907468,Ravenclaw
-5.654342770070947,-5.775835447433941,642.6257254658249,Gryffindor
-5.461713389341347,5.571594702107222,354.38913671289566,Slytherin
3.2417030948202665,-5.312910220763513,369.066976849212,Hufflepuff
4.4796323061777725,5.1821542595757375,619.0059930939623,Ravenclaw
-8.311758022602984,2.112976798838292,414.164648233632,Slytherin
7.0196948417129095,5.964312900051709,580.254409288536,Ravenclaw
4.266145752915878,-5.920516576954782,429.5183597810369,Hufflepuff
5.340669481719504,5.650968744639598,598.5393492873379,Ravenclaw
-4.154068067861594,4.874139273605662,408.5078214157349,Slytherin
3.8734137770286967,4.904680078747834,640.0176552666418,Ravenclaw
-3.620189666356176,-7.313167761199367,599.1779442769246,Gryffindor
4.321604629489919,-5.461653869312436,368.24171532588167,Hufflepuff
-2.3727042806319467,-5.4361001394816615,638.488164908729,Gryffindor
5.04326940652251,-5.130564109563366,447.9060066925425,Hufflepuff
8.116130494800553,4.5723739410251465,613.7707750179541,Ravenclaw
-5.717986477398764,-4.208301627989681,585.5383678850527,Gryffindor
5.6259025848495,2.5815392917186344,548.4780139683842,Ravenclaw
3.486307225235148,4.675737266095988,571.7582851195882,Ravenclaw
4.19432568773736,4.481400887223082,570.3810431036911,Ravenclaw
-6.972697454558348,5.202551665546394,375.4921131358387,Slytherin
7.117138452658273,-6.028189768682059,392.7028738377192,Hufflepuff
3.072635950628456,5.970914619535395,585.545578267654,Ravenclaw
3.147575917809672,4.171082840927246,616.5381728175067,Ravenclaw
3.5786697733889574,4.293555640036315,583.523552530816,Ravenclaw
-3.563434204382558,-4.844230918796368,587.7776082048166,Gryffindor
2.6313624390441808,-5.5185626822740375,414.5576008199456,Hufflepuff
-4.370968872274487,-2.837509177245072,602.9251435102741,Gryffindor
8.262212697185362,4.333871190085802,554.2506832729167,Ravenclaw
-2.04316507407336,6.340851700139336,361.9276024694824,Slytherin
4.923154903520189,-6.6239679524800055,443.8509816423462,Hufflepuff
-4.2768529609318735,6.772240840280475,352.9029126985723,Slytherin
6.231290691845512,5.710936490003999,619.5040662414942,Hufflepuff
6.011744981269377,4.162645772295621,584.1024162347406,Ravenclaw
7.056490086208862,4.49722584111263,632.0268527645618,Ravenclaw
2.9243477728612635,-9.403980794108538,435.1913954894261,Gryffindor
3.846392772165909,-4.7980991723920585,465.0351235691992,Hufflepuff
-4.949604972832224,4.554085671684826,419.3398897564531,Slytherin
8.617523398443105,2.0387908692006267,620.2388249807027,Ravenclaw
5.384336745968655,-5.406092461908936,433.1138233944323,Slytherin
5.74354859387698,5.030098423688188,618.3627841928577,Ravenclaw
4.624139317316313,-6.048741221008115,399.92953405383935,Hufflepuff
8.247352791823799,4.8324315054789295,643.7157372771994,Ravenclaw
2.7639786806681004,6.717065575436743,583.4654966239282,Ravenclaw
-6.074543889143336,-6.042752742784119,560.6889753231427,Gryffindor
5.745369113139563,2.5510994679052463,630.285760663215,Ravenclaw
4.1705174993573735,5.848584245605768,560.6063788234344,Ravenclaw
2.132499227595013,-3.876129886098165,403.2784518130185,Hufflepuff
2.4673656032578912,-5.586261765243311,425.26542622854754,Hufflepuff
-5.391593102139415,-4.5966569587242425,598.092717699784,Gryffindor
3.920040403708636,3.281408595558588,603.0202456584083,Ravenclaw
4.960842392329352,6.576824955699768,609.7735384107182,Ravenclaw
-6.137879803532589,-4.810437937890952,561.8125253812817,Gryffindor
0.4393188211694081,-3.555438066149232,407.5216739996224,Hufflepuff
-1.7125389388641208,5.874509735947021,415.7725702811559,Slytherin
-5.4414536810459575,-3.4198999393092904,587.5502120297098,Gryffindor
6.951079731592046,-4.182281969890057,363.8055380216672,Hufflepuff
-2.7254299392128063,6.547338249059822,396.3231522929996,Slytherin
6.0841294852814265,-2.489965282526496,400.8555114655534,Hufflepuff
8.606710000238946,2.4835312589210443,615.7022592253334,Ravenclaw
4.340855438466307,5.430978041209425,640.2081981752452,Ravenclaw
4.820462504998042,-1.713773473386616,407.4588625793205,Hufflepuff
-5.6023748317652045,6.541054431919986,406.6885852059812,Slytherin
-2.033019686600701,5.626994419720943,353.1861837923332,Slytherin
-4.6889023746637815,7.148515292654915,384.7756762878418,Slytherin
3.1834161952958184,3.6509316135436176,626.4069194277315,Ravenclaw
-3.9102682994192937,-5.095179108751601,627.8259067385591,Gryffindor
-4.13639613667017,-4.1538815982234905,679.2091877199767,Gryffindor
5.346689863973476,5.991986601107228,587.7633805606898,Ravenclaw
-2.9479948131915625,-5.365904745109272,614.3491207205525,Gryffindor
3.852911774263799,-7.174439615322798,372.1895482882665,Hufflepuff
4.107104483071893,-5.417127717570434,407.07801654789023,Hufflepuff
-7.694641396997062,-4.0540048604399965,566.2958504294279,Gryffindor
7.278106751953409,-3.21503919953246,365.70173293707126,Hufflepuff
-2.941468581847107,-6.850998736881905,674.980217499662,Gryffindor
-3.3577260347183824,-6.2658064247831895,557.618139325385,Gryffindor
-4.186511095344724,5.412387336747651,369.895112698496,Slytherin
-6.196968025249329,6.154925989655231,393.386225045322,Slytherin
-1.496135545576263,5.359308386870798,417.633131109613,Slytherin
6.629764686972704,-7.2578954667380575,383.0781938528959,Hufflepuff
2.4540066758346675,-5.801037470963602,407.8889155442712,Hufflepuff
8.389718968012309,6.520340060149432,577.6869311462541,Ravenclaw
-5.15378300128897,-5.694363120072652,573.9103633247212,Gryffindor
-2.7981854981592,7.599392980254501,312.8282722622843,Slytherin
2.7633931070279534,-6.414519459519527,454.2023074501652,Hufflepuff
-7.2094423885737475,5.03635952342067,368.0693158216544,Slytherin
-4.110763252791124,-5.700928676491934,624.3088920779118,Gryffindor
-4.549644960167712,-7.312386544645021,627.3917674695592,Gryffindor
-4.110217299121649,5.301919597909219,361.9309991147921,Slytherin
-2.405050900291036,4.707085444529347,394.6856878382084,Slytherin
-4.1663862987699245,4.15854202042294,410.9577706970808,Slytherin
-6.461353326868871,5.593899488889372,377.429164486618,Slytherin
-3.3885685652231348,5.248854847904124,421.5993310820313,Slytherin
4.537999259044442,-4.05631850118443,393.7657031449038,Hufflepuff
-2.458483989658797,4.72845686993026,420.26103216448297,Slytherin
-4.161108579445044,-2.308769673873851,651.3970939424863,Gryffindor
-4.67015943104803,4.413549084939649,438.6507438542418,Slytherin
6.173369965368522,3.0454625694556072,580.0097997326927,Ravenclaw
-1.942163495415881,3.767753546276325,432.1588066206248,Slytherin
7.544357371536696,-4.266222358756738,390.1759706925024,Hufflepuff
8.952719478396599,-3.5090127874706285,316.0940578886565,Hufflepuff
2.9469398679966345,5.51806785763053,612.9495107184339,Ravenclaw
4.223837577512112,-5.219798254181279,425.969413386276,Hufflepuff
5.399528155831042,-1.6041647659977565,397.0455119024009,Hufflepuff
-6.9909286650568925,4.357674815570982,366.87005209859,Slytherin
9.21418938494727,-6.276726416763871,336.91673473968103,Hufflepuff
-8.499475425259629,4.7320811713248805,422.3571530502464,Slytherin
-2.8981006795965865,-6.6794972485139406,614.8204063705715,Gryffindor
1.8583727202292324,-6.0011880123126815,331.7419593406437,Hufflepuff
7.834177197140138,-4.374627197699243,402.4017527723177,Hufflepuff
-6.272873464122647,-6.166990988360987,553.3779852414534,Gryffindor
2.6465615033311183,7.397313286883831,576.1130255755422,Ravenclaw
7.641341729425423,-5.800378575668954,461.6397818898182,Gryffindor
6.794539703954007,5.447476475353191,533.2967276040088,Ravenclaw
-4.579353197141846,-5.5790673350176325,589.8214087938338,Gryffindor
-7.086761694739837,-3.497183382958116,544.6955274014529,Gryffindor
-3.1550701584123413,4.8052978322181685,406.4450756021054,Slytherin
8.434869783040032,6.6666692902905815,596.1986773425876,Ravenclaw
5.23686039143246,-5.9451380280443225,358.72468060179017,Hufflepuff
7.660798334431348,6.836687292451048,602.9836521076169,Ravenclaw
-5.056887812677184,-3.092149029391736,641.8989144721529,Gryffindor
7.403256738849994,-3.892760604012993,385.9057398884961,Hufflepuff
-2.2023047002567853,-4.159565048141418,634.8984287935086,Gryffindor
-5.897917003879633,4.9297828740218215,372.0310037976196,Slytherin
2.1493781091970687,4.537136880391944,408.6942548834237,Slytherin
-2.951657168315482,-6.190467596596353,667.4968666847652,Gryffindor
-8.250943359089849,7.775890782816527,330.99167222789987,Slytherin
6.06046746604904,-5.127454759105482,350.7343714457147,Hufflepuff
3.410870019182461,-6.415529712655081,419.7907246277919,Hufflepuff
-7.849294245004313,-2.307490478378832,592.8291090268143,Gryffindor
-1.4182886551554734,-5.093764619308168,657.25063350279,Gryffindor
5.6596975957124105,-6.653382893754225,389.2803603770486,Hufflepuff
7.071754831549008,-4.370361607202487,387.51819699310136,Hufflepuff
-5.012568387066126,-4.368221539977462,622.4116377308737,Gryffindor
5.2241765545410015,-4.46190246734458,400.9782936555998,Hufflepuff
3.1974873329417752,-4.769140101850921,415.60017763191024,Hufflepuff
-3.2428365188932173,-5.918458916003242,579.3308411547563,Gryffindor
-5.8016100324544855,7.633174396998374,345.55387007774414,Slytherin
8.228810444433954,-2.6184438377337766,417.6560340988207,Hufflepuff
4.084192445306688,-5.786001156516567,472.8254287287471,Hufflepuff
-1.3342982868899598,5.453867146139533,429.70803007203295,Slytherin
-2.981744436905806,-7.214147456899577,621.2369246072923,Gryffindor
3.6601200999507215,-4.395558389909661,370.3452935990898,Hufflepuff
3.5185228443601897,-3.0335214532021526,467.6622165400312,Hufflepuff
7.429433139463493,-6.762704081660631,439.96470707580215,Hufflepuff
4.7670059156520725,-7.495017874186928,357.3276954044661,Hufflepuff
5.023853645001688,5.845715063046392,603.8877211533259,Ravenclaw
-3.5468693555066544,-6.645429381577908,596.9272733464289,Gryffindor
5.410201656588769,4.346188165246066,604.2058410670672,Ravenclaw
5.432413781143451,-5.738487832092242,369.6498636998032,Hufflepuff
3.6547618653571607,-5.638710597726579,421.2790028478943,Hufflepuff
5.719084545151873,-4.363618963917137,378.10728396510086,Hufflepuff
-3.5830271323233585,-4.8590935158339335,632.6979850909718,Gryffindor
6.933138347813424,-8.082609546323889,317.697969869971,Hufflepuff
6.476264083944197,-2.321203750571636,403.9052648496613,Hufflepuff
-8.106624618355685,2.7691292558508884,445.50127243842337,Slytherin
3.389980281762548,5.687734657603258,597.1848111025538,Ravenclaw
4.853672255630606,5.342124516494309,576.7281339758501,Ravenclaw
-6.895851943274286,-5.2044448631079785,565.7792557426502,Gryffindor
-4.07639720889748,-6.4908610272058045,606.7238199781356,Gryffindor
6.239811307014454,-6.84750326211266,379.3925396623032,Hufflepuff
4.669156629420209,3.0865467731571647,659.2548817663203,Ravenclaw
-2.9427922903995425,-2.8819256072532164,633.3117311478925,Gryffindor
5.92273080109759,2.251909877527224,605.6336395658543,Ravenclaw
4.806454180126309,2.200793962056789,590.0026292750057,Ravenclaw
3.084233634206244,-5.574450761518833,429.2072053210224,Hufflepuff
-7.87981892829773,4.753346587224768,425.5114969894952,Slytherin
1.923503804848829,3.830333987947785,560.2076834008622,Ravenclaw
-4.62744909380308,-2.8364811844149576,570.3616375327963,Gryffindor
3.732553323793432,6.098777368236692,664.0020869898545,Ravenclaw
1.4328134621160946,6.173040592011003,591.865747465436,Ravenclaw
-3.2735111404947173,6.068929836731268,377.5506125543286,Slytherin
3.748118363911237,-4.71620538618401,413.0609415891984,Hufflepuff
7.921588146530496,-4.988167141972831,369.7181090916205,Hufflepuff
7.315133753797165,3.4464086782736163,680.1641353465584,Ravenclaw
4.349899215682891,-2.7207163583393865,427.2526382602792,Hufflepuff
3.831587951099196,-7.361978186799657,410.9398221894578,Hufflepuff
2.2951923716156366,-4.670997862417575,404.42664924933337,Hufflepuff
5.2073015174953845,3.5694837100374794,597.0879034716021,Ravenclaw
2.767433124613936,3.521579363699017,577.3468526561318,Ravenclaw
2.4559029373697907,4.805637776709122,618.259836477504,Ravenclaw
-10.083581843998422,4.847552879136977,376.11180485885,Slytherin
-7.298950592397226,-3.5633510466269307,590.5072282465999,Gryffindor
4.43948383842113,-6.242210550121306,468.8615669233838,Hufflepuff
7.497572945960472,2.7341726024754447,614.7099892549962,Ravenclaw
-3.965581598273431,-6.59533766696911,624.060349364303,Gryffindor
4.930461171728592,6.36439919731508,581.4551443357336,Ravenclaw
2.731888688880745,-3.9187173423851815,455.8680262182909,Hufflepuff
5.935061224046615,-6.649355230455017,370.12607951621015,Hufflepuff
-2.868107946804852,-3.84548779603426,689.6814846183188,Gryffindor
-4.556581124708635,-5.368507424999991,596.0872399836487,Gryffindor
4.26452897891075,7.65110948835417,580.7135408125245,Ravenclaw
3.4464365600519526,-6.440927689107577,437.6783017525791,Hufflepuff
6.120724120451423,-4.048195622595045,430.1566053785701,Hufflepuff
5.875318818094293,7.924373384428418,618.6443812971861,Ravenclaw
-5.606636950650394,-5.304355747352622,575.90381126072,Gryffindor
-5.433501070559988,5.306238491376857,418.0242413319746,Slytherin
5.492307646677643,4.189065527051215,564.5593643891024,Ravenclaw
-5.6839967826841065,-7.4360885616886065,554.0521040806414,Gryffindor
4.6872627861380085,4.0159228564070295,577.9287712323704,Ravenclaw
5.477540755902332,4.302385238605564,598.9640884148349,Ravenclaw
5.374711608161455,-1.3914627925766352,396.0755130585658,Hufflepuff
4.839805964923391,6.451900785475869,575.3693933712426,Ravenclaw
7.698502068496468,-3.379486389121504,382.4032448738001,Hufflepuff
-4.511527188906432,4.003891102529424,441.82635446874366,Slytherin
4.787600552508088,-5.1678855929372425,340.65908405482054,Hufflepuff
6.440442473092919,4.329999004001931,580.9558864293454,Ravenclaw
3.1405334134846026,7.239433025232513,595.7646938583932,Ravenclaw
-1.2979662640028096,5.619179993188214,409.2387639463169,Slytherin
-2.5036029768478154,-5.102005413392379,660.4725927629478,Gryffindor
6.213905014320656,4.133502933505077,581.4930545805289,Ravenclaw
2.738231673679836,-6.268601054915584,408.0496419874004,Hufflepuff
-6.233840059083684,5.307150491578857,439.41231172708825,Slytherin
-6.949361779168093,-4.205476427161095,569.2048304340717,Gryffindor
5.4937689597128045,5.305989462753648,566.069394855204,Ravenclaw
5.598528416786488,2.8722039647906112,606.3401297442863,Ravenclaw
-3.3733994614845297,-8.140571752452292,649.4006025419069,Gryffindor
5.713694029818678,4.446733269869792,611.4247796167398,Ravenclaw
6.603467303376638,4.191724330104424,622.5097563508136,Ravenclaw
6.2318879138630034,6.4312563289525215,635.3000840356913,Ravenclaw
-4.908378450300521,-3.033479292344931,629.0921480025603,Gryffindor
7.496103263396463,-5.108382414654318,408.324215245421,Hufflepuff
-6.1319875956132055,5.898816131606798,348.0355414803784,Slytherin
2.8644097621302382,5.006484130269442,558.838579717406,Ravenclaw
-7.435714995252951,-1.5010579655246654,608.727631543417,Gryffindor
3.265690021125865,3.6356933141537526,624.9771868403019,Ravenclaw
5.601658935263927,3.734077469995861,562.2597830878199,Ravenclaw
-5.702295466751645,-3.7970034372979886,582.0766035215447,Gryffindor
4.824007280895547,4.948433338578995,623.971480099049,Ravenclaw
-6.594894277302171,-4.383998923331457,597.329744189879,Gryffindor
-5.148500684904481,4.489114745097932,376.3130704167008,Slytherin
4.734220746114931,0.8443963221329351,611.9905756408061,Ravenclaw
8.525734057629062,-3.279125956758828,347.4120254178552,Hufflepuff
-0.4183538039460535,-8.491318777579103,689.6572057803877,Gryffindor
3.503167128843863,-7.146590801155022,398.49059638175913,Hufflepuff
5.696834327833399,-5.782199945019175,328.5446156481811,Hufflepuff
4.615926843360809,-4.622829705723187,337.6545036593012,Hufflepuff
3.9932711682506494,-5.011177801839036,370.18481337483047,Hufflepuff
-7.775641490685965,4.071264155437864,381.953837298222,Slytherin
-2.668746721700852,6.698261435357049,394.5918893891744,Slytherin
4.476663409688238,6.452992402349008,671.6214247747655,Ravenclaw
3.8958721847162208,-4.023482438414609,401.2195789703797,Hufflepuff
-3.33126281985343,4.3451728313236,398.8227210804116,Slytherin
7.0793515559089455,1.855585457632492,592.3140383820844,Ravenclaw
-2.459954901683356,5.633530990286842,420.84432452137946,Slytherin
5.735456476857263,-4.5712979596402015,413.6533637854257,Hufflepuff
-1.7589427927166326,-5.416613426855222,558.3110504470146,Gryffindor
-2.668276130934694,-6.787937510426831,629.9832291604862,Gryffindor
5.984707980561067,-3.2386103435977067,461.6550675878611,Hufflepuff
-8.217638866905574,-4.825169755971307,559.0677416767559,Gryffindor
-6.189062568297291,-4.668437114650925,620.178154029839,Gryffindor
4.698093812219663,5.346718399481709,575.5754730388662,Ravenclaw
3.4667838320553312,-3.8753964188950265,445.9189792354752,Hufflepuff
9.942055511038648,-3.2690697192445626,372.77925452881175,Hufflepuff
8.539849196531446,-5.935656830975912,403.4747826912923,Hufflepuff
5.050619321199531,4.033591937997448,646.4913964473318,Ravenclaw
-4.70182784108218,4.448022269611946,405.7195112274292,Slytherin
-4.078957064728908,-3.7251385147994687,583.1475648834921,Gryffindor
3.258838954226742,3.407891550938208,546.171597704195,Ravenclaw
5.329250342270762,4.984793206354821,582.4939554176815,Ravenclaw
5.405813702564111,4.561696238476858,578.742825584715,Ravenclaw
3.3779748408973385,-5.66264189566043,440.3531119690357,Hufflepuff
6.215786006859182,-2.7714613640744314,311.9260923001503,Hufflepuff
5.5310173653761385,-6.7054753579215065,427.2737274691647,Hufflepuff
3.1920483109588096,2.6411852483818605,655.2136948781513,Ravenclaw
5.374670831045327,-6.445315716452388,327.6896556508358,Hufflepuff
-8.098394612355241,5.431222275240017,336.67060973529027,Slytherin
3.1397188959624183,-5.1867397798923625,435.4704442910855,Hufflepuff
3.0366198285868444,-7.040250829399617,320.31860529605365,Hufflepuff
5.84398529743739,-2.6814595883873347,427.6467836329954,Hufflepuff
3.816187929186309,-5.243927519144191,422.7510677806015,Hufflepuff
2.61675145542454,-6.393664378042601,463.9183051467133,Hufflepuff
-7.182910114424776,4.209824043878915,415.7446397715005,Slytherin
5.508758634942543,3.585138932914828,563.4946327999182,Ravenclaw
-6.863084291557968,-3.5133307302796486,585.6810560767573,Gryffindor
5.007685512139741,3.797072491112845,645.1279050976551,Ravenclaw
-6.107201433266089,5.798305254047121,346.8305870522988,Slytherin
-4.298904158113311,-6.953515036730018,611.0277003275633,Gryffindor
-3.649919900002279,-5.347103880700055,645.9827462913884,Gryffindor
-6.096706858315398,6.2645468060058285,385.0504106768668,Slytherin
-5.076204042314799,4.819858271349268,441.27364995110565,Slytherin
4.1260426292283885,-4.991175246539092,401.58619205266126,Hufflepuff
-2.508170519713654,4.564516309028664,406.6890350351676,Slytherin
4.250713091622574,-6.8317413404411305,481.40696630580834,Hufflepuff
-5.4289960203208025,-5.194139193062412,582.1022342218332,Gryffindor
-2.296434949514701,-5.791033041013576,676.6492790836986,Gryffindor
7.387116348876043,4.009503807418495,558.0766815836273,Ravenclaw
3.782784227934851,4.4704769052119095,598.9081257542957,Ravenclaw
3.5880650096335875,2.9242622066468336,667.3650177491969,Ravenclaw
-4.183507768574268,5.070603238532912,369.1283340159066,Slytherin
5.634588780763577,-5.932236718619295,428.4828783574897,Hufflepuff
-4.038700540087604,-4.728899828829679,587.1226585820635,Gryffindor
-7.603556915966211,2.9648479898979843,385.6795369390843,Slytherin
6.9087706001643525,3.428812704834451,577.9260934866733,Ravenclaw
-6.9563353022920085,3.531003409259053,420.87752395878687,Slytherin
-6.312947852893555,-4.957888766407331,574.3059001123361,Gryffindor
2.2684610072687743,-6.551134913964791,346.1042528182828,Hufflepuff
-7.1216879318893564,6.572820158846294,367.2577786634355,Slytherin
-4.102768506052628,-5.854283951214117,596.3349106209042,Gryffindor
-5.8755459123850455,-4.296151831826983,552.231491358456,Gryffindor
-4.204976874834862,-3.0046553941666927,596.0415647890637,Gryffindor
5.470937897304497,7.085235848711591,606.3666709105947,Ravenclaw
5.672210816615928,-6.0782245659413885,387.5135920847074,Hufflepuff
-5.3583952573217575,6.478123903474928,348.53520024264475,Slytherin
-2.277290340098573,-7.912177059609318,621.72683904359,Gryffindor
-5.337187155864802,5.10805525914596,384.3827900039908,Slytherin
-6.158544615155725,-5.550063396912079,567.4298749105095,Gryffindor
4.6692128482294,5.134299866657241,603.5352548776592,Ravenclaw
2.271546406859413,-3.4033071870602125,374.1483573622188,Hufflepuff
3.749009773103922,5.788621248258313,577.9148592097184,Ravenclaw
-3.164578162625938,-6.18230567800921,646.0958716114693,Gryffindor
5.221414523416375,-4.240642844908741,451.6491658130319,Hufflepuff
5.3913768667786535,-3.5817592921243864,364.9743393316706,Hufflepuff
3.732226561099377,-6.155022385073526,403.0575939847831,Hufflepuff
4.007449728822047,-5.607452268146193,349.17758188081075,Hufflepuff
3.1626550836216536,4.909448550581882,597.038068538461,Ravenclaw
5.887822552794202,-4.961828615285049,401.7253781341812,Hufflepuff
-3.192992805565144,-8.70072235467422,584.8399242939239,Gryffindor
5.072149679561264,-5.644628655698991,405.29919839175375,Hufflepuff
-3.2200199110382504,6.014712007068543,402.5162992920961,Slytherin
4.781307469814959,4.425673974058113,530.37867666754,Ravenclaw
4.340779838527446,-1.5612316467691514,417.6398194100897,Hufflepuff
-6.394825879465118,3.3054707174168856,370.1073276731136,Slytherin
3.0743457157379974,-6.2268774281134975,378.0453367018383,Hufflepuff
-8.241604458174661,-2.933015721191941,580.8544170830236,Gryffindor
-3.006154116514529,-7.051487171535188,611.3870324899258,Gryffindor
6.690320209322777,-5.760483224606388,349.9146039493916,Hufflepuff
-5.176573265089827,5.748220611218289,398.8402376014467,Slytherin
-5.9589270962703935,-4.034436926500064,586.5526123524454,Hufflepuff
4.38496863285947,5.177638733386278,615.6517306341999,Ravenclaw
-4.7009321634883845,-6.269093575014413,590.0222755233126,Gryffindor
5.5153477551575225,4.130855406925319,607.8309650060777,Ravenclaw
0.310546210511033,-4.560908836795645,456.2318579175355,Hufflepuff
4.844407343929189,2.9067113444467907,592.7099527460847,Ravenclaw
-4.512997712428875,3.631206036735479,422.2382031143935,Slytherin
5.005769907214048,-2.7606501116153286,418.43126257981726,Hufflepuff
5.6630360626212015,-4.631554699070179,409.39978046859255,Hufflepuff
5.763242221243805,3.79459493003308,664.6867183005437,Ravenclaw
4.865080584933962,4.0645527420583445,604.4814860155624,Ravenclaw
-7.532830250687704,3.323317698681793,421.4898455456878,Slytherin
-5.999522787146767,4.93546880336963,376.18840038556,Slytherin
-6.678475819253802,-6.478519548696518,564.1391608532707,Gryffindor
7.428122780297677,-4.155403095812308,415.810185513554,Hufflepuff
8.0707074131636,-4.538838199446562,390.96463663834834,Hufflepuff
-8.080771137821479,3.2360210367398854,414.20848677286574,Slytherin
5.3255693858931785,-5.235885462559287,477.5052071653869,Hufflepuff
-5.760075307964648,-2.2506455284497338,628.900204477085,Gryffindor
-5.872088581233064,6.359008718585748,380.82339850169984,Slytherin
6.898846510994511,4.7272011986569815,620.2322369391757,Ravenclaw
3.4690121044769087,5.5372109962665625,592.8125530749684,Ravenclaw
5.0353774671679545,2.3652566790228584,580.6752829126533,Ravenclaw
-3.9288526326247606,3.544968559744828,418.4646065434931,Slytherin
2.3588340946718853,-6.461651176276484,392.261525633013,Hufflepuff
-7.80238485222471,2.9815694698453528,442.6285900814125,Slytherin
-3.55416380683258,-4.148577755386176,594.784102659589,Gryffindor
5.9133016965237175,-3.7170770262721313,389.7354109657233,Hufflepuff
5.214439313485423,4.804605365494507,607.960187757601,Ravenclaw
-6.6630559872522985,-4.583785442598664,541.425350945355,Gryffindor
-7.1613642857436215,2.8272923262613867,416.7667305343037,Slytherin
-2.1225033025330133,5.878473196472131,407.5755389470678,Slytherin
-6.681573626802497,6.5934210760303,380.7298598491758,Slytherin
7.344891705455869,4.2912392878842684,590.0587377820518,Ravenclaw
5.070908138854327,4.868851719742024,620.5702413395477,Ravenclaw
-5.164334045477509,-4.701188708901916,616.9408247172803,Gryffindor
6.81843470295922,-4.389870201120727,400.8942576083167,Hufflepuff
4.049630906264079,-6.256640113961265,425.9171227831808,Hufflepuff
4.3559934069922095,6.658985930022397,561.5433484130608,Ravenclaw
-1.6910222043685477,-5.316531496554294,656.6807117407045,Gryffindor
6.824788777419107,-0.2586766088304921,421.4552535482572,Hufflepuff
-8.930238481063581,3.7451619093591777,443.0590923278257,Slytherin
3.4146834610478884,-4.8942176707466745,442.0216518796211,Hufflepuff
-5.122945299049295,4.3288257270577954,392.4772235902512,Slytherin
2.14496964853148,-2.5456791466894533,399.2261134252395,Hufflepuff
3.5089661272492587,6.375688086461299,570.4574586978267,Ravenclaw
4.8506481389869816,2.5382551522979715,586.4470525761976,Ravenclaw
5.698297928583733,-6.0921822932330665,363.7554319016304,Hufflepuff
3.3230126428725786,-5.6529330020351125,423.0644431796627,Hufflepuff
2.6414791550901366,-5.85303994500387,444.868756616538,Hufflepuff
5.461871229193838,-8.130632878604107,361.4712485091361,Hufflepuff
2.741485709135787,-5.3097224346608165,411.5496493243264,Hufflepuff
3.090355519970724,4.5920846384401655,626.8718708775227,Ravenclaw
-4.163496249390317,-4.306989354387381,575.6337077886376,Gryffindor
4.437097975367126,-6.313905367872327,365.67727903227166,Hufflepuff
4.203044372303693,-3.30670397762516,397.7419579954101,Hufflepuff
-3.1211499050517912,4.763403381022051,398.5420128277804,Slytherin
-7.980926180152303,3.5544012043450106,407.0094208786669,Slytherin
5.8779724232383215,5.500742802067821,608.2375584474199,Ravenclaw
-5.424277696525572,6.916180587401633,333.3277714655556,Slytherin
7.2970032135200995,-3.6548795862369294,370.01147214766974,Hufflepuff
-5.777552192951159,-3.529623851395621,585.7000839893607,Gryffindor
3.5420548566729915,-5.988841399569666,390.68213322228144,Hufflepuff
-3.3957796319437588,-4.450191709607768,631.7188664246246,Gryffindor
-4.591389814344467,-7.569532349827651,592.0008399580345,Gryffindor
5.874608719209545,-5.6001957058047696,357.03381226885665,Hufflepuff
-3.743425919167122,-7.048024064238478,581.9644624640273,Gryffindor
7.4228199600974065,-4.4519958666262935,410.2003137607887,Hufflepuff
5.51486692686905,4.242223399204542,631.9235524303472,Ravenclaw
4.184910184834649,-6.8227291714452845,334.09609989333217,Hufflepuff
1.6848932004853865,-7.127582550333679,422.838713109466,Hufflepuff
-3.070353028370747,4.514602984736522,413.68208890584987,Slytherin
-6.9778881954345175,-2.5893416144228647,576.4728318633063,Gryffindor
5.687591590595952,5.649746891830838,560.6552084284401,Ravenclaw
6.951314851930312,-4.986249607930804,433.9123413531423,Hufflepuff
6.569062969217943,6.080960751168496,588.5024064531202,Ravenclaw
3.831080894678415,-6.069486838690523,489.32563657111433,Hufflepuff
-5.00457302726304,5.850417818820745,382.5045121570874,Slytherin
-8.038819866235476,4.124163307060315,412.2427663893615,Slytherin
3.770242332450112,3.5167191447619293,578.8880920158023,Ravenclaw
-6.6959638949128735,4.0497960787717,438.1783632671943,Slytherin
4.406646398938522,6.3455305582978525,600.6131942533118,Ravenclaw
4.2315510143819,5.867370429925737,745.3962198761234,Ravenclaw
5.74263434962582,2.7469439077715374,593.5563653117288,Ravenclaw
-4.6058394412350525,5.601849632253604,429.259215630373,Slytherin
-4.920899674210428,-3.738515940522303,604.8468443021218,Gryffindor
5.114974549596256,-5.032115159399386,518.1445520721857,Hufflepuff
4.801150623947773,-2.0994129179179835,353.9804921454713,Hufflepuff
-6.975315210680579,3.4174736017653102,413.02339796903,Slytherin
4.766665879152375,-5.282431617581877,391.4918696715426,Hufflepuff
4.504158548735783,5.091709651671317,610.5440738089644,Ravenclaw
1.0608848207275274,5.63235104228475,646.4341550089711,Ravenclaw
-7.976095712394472,-3.1681384089828213,589.2382289351627,Gryffindor
4.677357029886262,7.263682913470553,510.2795637927819,Ravenclaw
6.840685046253974,-4.399703477346477,393.3358859888136,Hufflepuff
5.481710745693885,-8.608581858275784,345.05035969230613,Hufflepuff
3.683741655218464,-5.696420083188548,395.385607815368,Hufflepuff
4.136436183201751,-6.863663232368142,384.457200777486,Hufflepuff
7.271341113950418,-5.604051820817298,388.92350621679526,Hufflepuff
-5.720582189795562,4.731533362661947,358.79774496285035,Slytherin
-3.8937956662399262,5.088245939218469,413.54249483875503,Slytherin
5.677575927684744,-5.365960633097072,426.856959133828,Hufflepuff
-7.233034199427704,-2.154958686986276,581.3581250184477,Gryffindor
-5.78620830489808,-1.060725568513047,598.5605098737682,Gryffindor
-4.009561834259987,-4.090442859804413,633.8985207014142,Gryffindor
3.656738947304884,4.2892476596546825,610.2223477077771,Ravenclaw
4.822126203106525,5.071381517107874,570.7156402745386,Ravenclaw
-4.312118224021038,-6.783556722045258,650.3714053581825,Gryffindor
-6.135076187737745,-6.283662708564927,592.9770505302496,Gryffindor
-4.617785025903085,-6.1048208254511565,613.4637715166863,Gryffindor
2.896079526803168,-6.952269816030848,427.77331828120896,Hufflepuff
3.352183650034493,6.7007019052766825,603.7964975591958,Ravenclaw
4.637622394113754,-4.779942122124866,458.4435171075445,Hufflepuff
2.9805633351187333,7.999813302797898,618.4295808990122,Ravenclaw
8.621103828817553,4.736824122272486,572.238194739632,Ravenclaw
6.028532222204047,-2.550715023645848,435.3374756614272,Hufflepuff
7.470054764273232,6.3869596898903,615.4691648046304,Ravenclaw
-2.5663561306884786,4.832809254811608,416.8643687445887,Slytherin
5.875781361404281,4.261930940699002,615.3352317404298,Ravenclaw
-7.417685485938753,4.379113389902177,404.71388740571854,Slytherin
5.490145287995614,5.590426465270021,559.9547663249822,Ravenclaw
-7.022451662279181,5.7026790362626505,359.8122093281225,Slytherin
6.485563059859111,-4.4945727609611525,352.6472816767297,Hufflepuff
-6.240972961367115,-2.9939939335776584,594.9090033547278,Gryffindor
-3.389722905297587,5.313862628861153,380.0436819923186,Slytherin
-3.37518708443636,4.042177098297596,420.0601486318928,Slytherin
5.516780646765225,4.28144496510646,645.5116464327699,Ravenclaw
4.1601884572263685,7.444486600071462,608.7178770474303,Ravenclaw
6.532917551673485,-7.357118288303013,412.7633255742712,Hufflepuff
4.957233522640301,5.575097369171802,557.8765813106758,Ravenclaw
5.524066553235563,-4.0766756719858375,406.3652622434722,Hufflepuff
-2.9887053838381137,-10.16211940387396,601.2797950604511,Gryffindor
6.85167774741371,6.0855283205541815,628.8008172143989,Ravenclaw
5.2434344807551865,-7.640716391257437,347.3995122924344,Hufflepuff
-8.102690135701081,5.937845694551064,351.282821469876,Slytherin
-3.9869025226537578,-4.585867003381243,591.047948180933,Gryffindor
-5.916663031560618,-3.244681366050876,583.8150089508498,Gryffindor
5.268028765332951,2.0735790317713394,622.1680865080473,Ravenclaw
5.583606854345457,-8.066085169181891,348.013724492062,Hufflepuff
3.3195533257566057,-2.6391366949861146,385.95776523937934,Hufflepuff
-2.705248657209072,6.111297505081168,394.7085974294047,Slytherin
3.6345504289217967,2.601274282017977,598.5308353849338,Ravenclaw
4.343183927354796,-6.081216398776082,389.90187347159775,Hufflepuff
-6.597507622851349,-6.660165326230455,577.4299143854885,Gryffindor
4.734196112061472,-5.16950019267246,404.788800669551,Hufflepuff
-6.614204227807548,5.020857484394567,371.18904791068985,Slytherin
3.871038946061237,-5.365354305951548,368.4273188777912,Hufflepuff
-1.860503821426812,-6.532428459508344,665.8465722564542,Gryffindor
3.4388561284755768,5.955226382710404,582.8313197106829,Ravenclaw
4.716843450902268,3.966592515539949,663.548340286618,Ravenclaw
5.8357530198247325,4.8696487075488495,577.7032361736923,Ravenclaw
4.7586552986368735,-5.402789786090717,402.5129258941878,Hufflepuff
2.773405771074984,5.782004812701698,577.7823936773543,Ravenclaw
6.180251848680621,4.405345756068772,539.4581323115779,Ravenclaw
2.415141862888144,4.644981085489781,490.7030699269789,Ravenclaw
-2.5118580617140767,-6.0508040279678665,662.8662957918752,Gryffindor
6.212943942014487,3.741407320911749,613.1248296007312,Ravenclaw
-5.701988971438127,6.115757920957723,373.1309915961969,Slytherin
5.675772962768682,-0.9352254735484192,430.6443281936069,Hufflepuff
-6.202936477448673,-6.855392954297567,601.3921222214437,Gryffindor
-7.116823409001408,-2.822684577935432,551.7320793171164,Gryffindor
-5.515156207129736,-5.036260827570316,581.8193973742437,Gryffindor
-7.081940967124455,5.791969494135323,394.4803720737017,Slytherin
-4.776128088104582,4.861910863649143,401.5563770965829,Slytherin
2.702063235797812,4.785277170337509,603.3596957825388,Ravenclaw
-4.790696142132428,-4.385422217722153,619.9264554997275,Gryffindor
-6.9960938316927015,-5.688842774251845,577.9789705207413,Gryffindor
3.0361135160464707,5.4010105641209325,625.4777755658242,Ravenclaw
4.790851785684231,-4.157597732949962,402.6962471893849,Hufflepuff
-6.375112054630423,-5.644638565591444,594.0375740080759,Gryffindor
6.363651172332338,-4.6086969545390986,431.5175708542892,Hufflepuff
-2.772678467485582,5.998517570095007,402.6128571018502,Slytherin
3.9168677778445513,4.844397775628591,634.8096629665064,Ravenclaw
3.7117021533013936,-6.8029464272049065,379.1382340669694,Hufflepuff
-1.9483169882679947,6.238295682387951,393.4908391380635,Slytherin
5.386216214386126,4.912030083816767,591.4395992617569,Ravenclaw
3.202357913168552,-2.4008239229860497,463.3040777473958,Hufflepuff
6.552420265474327,5.549535242514063,584.7171961084666,Ravenclaw
5.762288758771057,-2.877481474859326,384.4422909713875,Hufflepuff
-7.170461422333402,-4.520800971518198,584.6048038983728,Gryffindor
-5.894275030896307,4.867742855167483,391.0759971603432,Slytherin
6.0494317073911725,-5.838744938335178,439.83616950216566,Hufflepuff
5.5620093544042,6.543254731552158,576.8889844667458,Ravenclaw
6.858854438241575,6.0938083031595065,576.8524470613878,Ravenclaw
-5.093227531191076,3.93671071545265,432.4583829183831,Slytherin
2.084879370201924,4.922190167973793,615.3885406347463,Ravenclaw
2.648173958260533,-5.539241931588101,345.33854225537607,Hufflepuff
-4.7447514947209175,-5.583941493540458,563.8935294198558,Gryffindor
3.4440608299525453,-5.893931005427199,410.48192130146055,Ravenclaw
-6.613031411323978,4.897690446614043,377.6503150254075,Slytherin
-3.3834984950740647,-5.900487495984538,629.2729195036378,Gryffindor
5.2651181314674815,-5.3861077377016695,438.3074515221237,Hufflepuff
4.993125220076419,-3.0338647547953013,425.3294773189624,Hufflepuff
-3.3246012817236665,-5.569376533269576,648.2731010512073,Gryffindor
-3.7027814687138223,6.107750352782874,330.0154228550568,Slytherin
-6.8605239033499625,-4.61318639513246,571.3787174021621,Gryffindor
3.8768434050584752,4.344341353550455,640.8639502479758,Slytherin
-5.843497776856911,-1.4953328301056583,665.2166781557472,Gryffindor
3.834011227733569,-2.4055918719267213,440.2105982486368,Gryffindor
3.706746092253472,2.542453512822107,621.9938948061642,Gryffindor
-10.295662748653244,2.079945104432392,391.0234419260746,Slytherin
6.358258480103906,7.250401162100386,572.5727892101846,Ravenclaw
-8.24378262669162,-5.414031926556129,503.7123382034637,Gryffindor
-3.19200972497365,6.650711894621867,397.15109582348975,Slytherin
2.4549386042039973,-4.404998004367728,440.26028001152497,Hufflepuff
6.792195366907525,3.476796403526473,603.5536746436485,Ravenclaw
4.668119481482128,-3.492462885065484,428.13363786861726,Hufflepuff
1.7518542826257577,-4.3383344435775415,427.1000252938462,Hufflepuff
-6.360229002765572,-5.586435977051504,570.607142561354,Gryffindor
6.179181750129263,-5.284489228673845,409.2814684931514,Hufflepuff
-3.6603943480930106,-6.084744156807702,578.7508241868227,Gryffindor
2.7786156063548164,-4.214824569975844,374.51271907398217,Hufflepuff
4.8680612673054044,7.580691344062568,626.9302885317937,Ravenclaw
5.625563787168502,-6.19747765696056,464.3275982706536,Hufflepuff
4.445350609008742,-5.901220321526537,328.38160032983745,Hufflepuff
6.569810980209415,4.897242166202939,602.5957702219414,Ravenclaw
-6.7108497930265845,3.446393217658047,447.02859854708834,Slytherin
3.527005731874497,-4.84494894655952,377.4714456236843,Hufflepuff
-5.020184266514265,5.219884720405187,392.013207275233,Slytherin
8.096714410095482,-5.584577036988188,401.88742933330735,Hufflepuff
5.010462617334893,-3.9836304625430223,376.0939754200237,Hufflepuff
-4.583444235527414,3.458208991568938,422.4412269893389,Slytherin
6.501565084340304,2.2423019478227864,611.0857231072623,Ravenclaw
5.200536017237339,5.032583389777193,577.6988470829799,Ravenclaw
-5.867196085349248,5.291519322118301,425.89426163335935,Slytherin
3.8064824847371215,-5.725181101531831,371.5787287499591,Hufflepuff
6.778592979503642,-4.735212948888993,448.2952507697139,Hufflepuff
2.000945049029468,4.93713623079532,659.8604679777462,Ravenclaw
7.312331116099659,-5.722247667045612,353.817118591611,Hufflepuff
5.813453041093132,-2.45172405788302,367.2876332061903,Hufflepuff
-5.9903760372481125,5.6956970180839965,377.3037096775228,Slytherin
3.590283155345681,-8.734851393196546,406.2924580187925,Hufflepuff
6.683087247367344,5.110553302575825,612.7019491320236,Ravenclaw
3.8479272870977184,-5.3683121947606525,414.3598534213185,Hufflepuff
-4.958935558969374,-5.508467411487612,611.8004588501418,Gryffindor
1.9091293107169365,-7.065193013025999,371.3229745861128,Hufflepuff
8.129343836158942,7.395106986941949,570.2868002122639,Ravenclaw
-1.9751862459362064,-6.546957613009727,623.6062971256753,Gryffindor
-5.880774928681589,4.294927098161693,403.6097863225959,Slytherin
6.802775510214001,-5.491953159834954,457.1362362520362,Hufflepuff
6.135256189810926,4.099188076758988,590.2832297014123,Ravenclaw
3.9410285745111047,-4.694006611113966,410.97968272039,Hufflepuff
5.501400348256199,4.639539717676548,552.6217210478852,Ravenclaw
-1.7942735100945364,-6.747687688246767,632.7491841540907,Gryffindor
6.803348485900417,-4.076562643812708,367.6439107565705,Hufflepuff
8.245360764740232,4.8022671869686855,633.6830397140603,Ravenclaw
4.764491470134097,-4.588530920543642,485.7098886168212,Hufflepuff
-5.261056842024251,4.5046274531991015,395.6230194116517,Slytherin
-7.726782018164334,3.387817565777416,388.1914520576398,Slytherin
1.8982615285626416,-4.276058957057576,408.7730053322852,Hufflepuff
4.1951204732890215,-4.634017110621609,413.0750891989611,Hufflepuff
2.7080387220007727,3.303986148206535,632.3287129147584,Ravenclaw
3.6038003638447886,7.290208228475474,575.2868483446382,Ravenclaw
4.650114466997707,6.229243083460776,582.2759883837714,Gryffindor
4.996904707030825,7.900267716435485,481.5168542748072,Ravenclaw
6.261645099347921,-4.797794279043548,368.286224203128,Hufflepuff
-2.49527011344377,-4.236320345729898,645.4932979717654,Gryffindor
5.309308948977173,6.841079066619287,589.9871075923998,Ravenclaw
4.942883086399392,3.829767219728754,620.9707222695066,Ravenclaw
4.599632527512048,5.691924117691048,608.5049386684711,Ravenclaw
4.865256638142179,-5.04049457080666,376.5683923402442,Gryffindor
5.0015334653316605,-4.377019886842167,357.7061703542378,Hufflepuff
4.925449287758791,-3.7046647747722328,422.86407971283774,Hufflepuff
6.118077538299412,-3.132580088851725,343.39296962583734,Hufflepuff
-5.517075543914006,-3.716123408183624,567.5985872097167,Gryffindor
5.845823117190857,4.812864249417422,598.7905672185035,Ravenclaw
-6.303611374554536,4.6886995375878575,385.92055257067256,Slytherin
3.9708438956528056,7.23742628230274,627.5304877345387,Ravenclaw
8.10624551121145,-5.558241173915566,349.67235867893464,Hufflepuff
3.6805809356960815,6.5036069754740895,600.3965526520351,Ravenclaw
-7.296096611702375,4.816195555595737,396.1842501792463,Slytherin
3.447519607244604,-4.624022269683621,378.2261941873104,Hufflepuff
2.505395874681112,7.038327521514912,559.0017987396745,Ravenclaw
5.347334182376684,-3.962759025883493,361.25191523683,Hufflepuff
4.483544285664125,-5.711661684198463,394.1912682186811,Hufflepuff
-6.028381787657553,-3.1499463363798283,586.9457131856623,Gryffindor
-5.6043277406172365,-5.020929179653571,578.7482047021279,Gryffindor
-3.9305352962980935,5.261843246193925,418.6369089584337,Slytherin
4.092896708049122,5.423094676411536,573.2191254053469,Ravenclaw
4.355136960809341,4.440201812691071,592.3133566512195,Ravenclaw
2.8920268116073213,8.179170270616241,641.4689258425586,Ravenclaw
5.803000776420021,6.5388001080457725,604.0394873707806,Ravenclaw
1.5173517005546668,-6.308518451019966,390.34914025318017,Hufflepuff
5.994374126616488,4.678284282505241,622.5426758203822,Ravenclaw
4.736440446280644,4.6610344361771165,600.5200064767239,Ravenclaw
3.374697330449515,3.1306937744950014,587.8296938186489,Ravenclaw
7.0144531887667405,-4.353660560603216,406.6395240622156,Hufflepuff
3.0835341723249416,3.3847374367247367,619.8069894787184,Ravenclaw
-6.016942799067047,-7.238168385814072,595.5018319495457,Gryffindor
5.705586854016715,6.043609362411065,569.8705453199843,Ravenclaw
6.3109391441811775,6.375685775933299,623.1059080074673,Ravenclaw
-4.7897940352157695,5.670845227149679,441.0927313185914,Slytherin
2.2486750507805287,-4.3656513364613065,376.9592877074098,Hufflepuff
-9.142445006923678,-3.2497334254764407,540.345734335923,Gryffindor
6.362543898556164,7.318349522986942,585.9564972909562,Ravenclaw
2.2826812196981314,3.8440569111997407,639.9150659236652,Ravenclaw
3.117286693441888,6.266233089172998,625.2413150848641,Ravenclaw
-3.2340201812449143,2.4322348478223925,488.0300489310814,Slytherin
-5.019345347654005,6.5674058581470405,353.91206818476184,Slytherin
6.29796224475836,7.634072565595035,579.7902759142853,Ravenclaw
-1.841579254833028,5.757891596366434,416.3525060227138,Slytherin
-4.49227189739222,3.4798286090766912,465.3181707485009,Slytherin
6.791647843205682,-4.7234653739386765,406.0884996713497,Hufflepuff
-8.390447248951364,4.852497356812012,370.79888618746224,Slytherin
4.930942491945624,-5.117493115526738,406.6996907875209,Hufflepuff
4.850930827520738,-7.082022058471166,417.52044821821687,Hufflepuff
6.915328426496918,5.695133800286071,543.4311802079626,Ravenclaw
-4.997610129401619,5.077157460880133,386.05851258077575,Slytherin
-2.949527373047168,-3.7692072175897207,624.0562151916174,Gryffindor
5.681106922362003,4.26175401183151,647.2388089943843,Ravenclaw
5.479485487352692,-5.999016118712598,467.95041791951735,Hufflepuff
-4.541836795115569,-3.5428008607856727,618.2202126417974,Gryffindor
6.061064255263739,-3.6753117366907326,445.8275645781746,Slytherin
-3.2032693227535702,-5.440189245796868,635.211486238971,Gryffindor
3.4428308795056126,-4.536762187977383,383.4449369721156,Hufflepuff
5.4210456374755775,-6.8891198877399145,339.7751540064821,Hufflepuff
