Index,Hogwarts House,First Name,Last Name,Birthday,Best Hand,Arithmancy,Astronomy,Herbology,Defense Against the Dark Arts,Divination,Muggle Studies,Ancient Runes,History of Magic,Transfiguration,Potions,Care of Magical Creatures,Charms,Flying
0,Ravenclaw,Tamara,Hsu,2000-03-30,Left,58384.0,-487.88608595139016,5.727180298550763,4.8788608595139005,4.722,272.0358314131986,532.4842261151226,5.231058287281048,1039.7882807428462,3.7903690663529614,0.7159391270136213,-232.79405,-26.89
1,Slytherin,Erich,Paredes,1999-10-14,Right,67239.0,-552.0605073421984,-5.987445780050746,5.520605073421985,-5.612,-487.3405572673422,367.7603030171392,4.107170286816076,1058.9445920642218,7.248741976146588,0.091674183916857,-252.18425,-113.45
2,Ravenclaw,Stephany,Braun,1999-11-03,Left,23702.0,-366.0761168823237,7.7250166064392305,3.6607611688232367,6.14,664.8935212343011,602.5852838484592,3.5555789956034967,1088.0883479121803,8.728530920939827,-0.5153268462809037,-227.34265,30.42
3,Gryffindor,Vesta,Mcmichael,2000-08-19,Left,32667.0,697.742808842469,-6.497214444598551,-6.9774280884246895,4.026,-537.0011283872882,523.9821331934736,-4.8096366069645935,920.391449310792,0.8219105005879808,-0.0140404172390529,-256.84675,200.64
4,Gryffindor,Gaston,Gibbs,1998-09-27,Left,60158.0,436.7752035539525,-7.820623052454388,,2.236,-444.2625366004496,599.3245143172293,-3.4443765754165385,937.4347240534976,4.311065821291761,-0.2640700765443832,-256.3873,157.98
5,Slytherin,Corrine,Hammond,1999-04-04,Right,21209.0,-613.6871603822729,-4.289196726941419,6.136871603822727,-6.5920000000000005,-440.99770426820817,396.20180391410247,5.3802859494804585,1052.8451637299704,11.751212035101071,1.049894068203692,-247.94549,-34.69
6,Gryffindor,Tom,Guido,2000-09-30,Left,49167.0,628.0460512248516,-4.861976240490781,-6.280460512248515,,-926.8925116349668,583.7424423327342,-7.322486416427907,923.5395732944658,1.6466661386700716,0.1530218296077356,-257.83447,261.55
7,Hufflepuff,Alicia,Hayward,1997-07-08,Right,33010.0,411.4127268406701,5.931831618301035,-4.114127268406701,2.769,-502.0213360777252,439.3514157413572,,1041.091935399735,6.58179131885481,-0.171704452341019,-244.03492000000003,72.25
8,Gryffindor,Bella,Leatherman,1998-12-07,Left,20278.0,496.3949449852823,-5.215891145868072,-4.963949449852823,5.855,-626.552041128547,567.8424015938325,-6.198661229053442,925.2555003872844,1.0865178213133744,1.1470315267700957,-252.27561,244.11
9,Hufflepuff,Hayden,Aponte,2001-10-13,Right,46316.0,527.1935850836812,7.922205496177112,-5.271935850836812,3.3560000000000003,-398.1019908932312,341.47560564416693,4.978613530314481,1041.4146653613177,2.068824178512835,-0.529578503638637,-244.57527,-0.09
10,Hufflepuff,Antonio,Denning,1998-05-21,Right,35619.0,604.9339619176021,5.484188547740066,-6.049339619176023,5.358,-530.7958955569857,484.8726713263256,5.6996535617818695,1036.2853570584764,9.293131894951047,-0.4965534984054157,-242.69168,64.61
11,Hufflepuff,Neville,Hall,2001-02-16,Left,46550.0,438.5569495868533,5.320518357754184,-4.385569495868531,3.014,-518.5607177463045,417.0640932879666,4.8014365930153895,1046.7619580239934,6.376965575596179,-0.9196387437030824,-244.91344,20.66
12,Hufflepuff,Rocky,Trask,2000-03-13,Right,26647.0,709.0946138370517,1.7053889315251418,-7.0909461383705175,7.091,-328.7129552924333,435.50218282153816,6.300649174524696,1037.0283168962144,8.110274495677984,-0.9391444307251472,-244.00363,7.56
13,Slytherin,Fred,Simms,1997-02-27,Left,37984.0,-544.1920488261749,-7.308855989623728,5.441920488261747,-6.18,-319.94687532983534,391.6529162915922,2.91473188799465,1082.5814087477208,10.948790872858233,1.7738866787768597,-251.12516,-80.42
14,Ravenclaw,Jan,Saylor,1998-03-16,Right,44791.0,-197.52731769185084,2.7424444339618588,1.9752731769185083,6.603,527.3563229707513,605.5906004179383,5.480097322152394,1063.522360673685,9.407484155858128,-1.1126491143177455,-232.65964,-19.94
15,Ravenclaw,Long,Burks,2001-10-03,Left,21630.0,-447.6498122360021,4.046727136762162,4.476498122360021,4.949,810.1544831409043,615.5310876490132,3.653494560249915,1075.8538502533456,9.622899465889688,0.5670955443680077,-229.38229,17.0
16,Gryffindor,Fran,Jorgensen,1997-09-23,Left,41907.0,470.65375662672136,-5.518263685781008,-4.7065375662672135,4.425,-434.2932661222959,596.6100889263835,-4.1618229744065465,967.2239116973597,5.027414761055882,-1.135957011752296,-252.27344,174.27
17,Gryffindor,Freddie,Ward,2001-05-31,Left,58796.0,651.1987485578007,-4.820770852893141,-6.511987485578008,4.357,-468.2847232096298,626.3728860307857,-5.206672041512534,935.5792903077672,3.0632066243706,0.1736145483146391,-254.92326,212.37
18,Ravenclaw,Tyrone,Cooley,2000-03-09,Right,15578.0,-151.08820873346482,6.8718573378725765,1.510882087334648,7.9060000000000015,645.4474512014251,607.4427290526703,6.317446315222874,1091.054831002211,11.708777390143444,0.2605563047012814,-226.76896,11.22
19,Hufflepuff,Elden,Scholl,1999-04-18,Right,56909.0,458.1270261474805,6.981588542540248,-4.581270261474805,5.686,-579.6685909175318,403.3276902605525,4.2658097542267495,1052.0352351526687,3.4565189893797363,0.0702055342612155,-242.99904,3.81
20,Gryffindor,Mel,Marion,1998-12-20,Left,,703.5535475473841,-3.858216489463063,-7.035535475473843,5.8660000000000005,-433.2503586321584,610.7326695816761,-5.029523289367204,944.9723856289352,3.0358906702990742,0.1625012864221627,-252.72548,215.2
21,Gryffindor,Pansy,Mosher,1999-12-15,Left,31882.0,689.3561417314064,-5.76315776392788,-6.893561417314063,5.942,-16.519432386501975,,-1.9744468934349493,961.1128278945888,4.431963256041222,1.5627795342839057,-251.21916,136.89
22,Ravenclaw,Joseph,Coulter,2001-08-22,Left,39873.0,-264.6783109979997,5.949951054189216,2.6467831099799968,6.829,745.4656657154428,626.8233315636505,4.886733220972539,1079.549394561472,9.318098487516489,0.3643870721334353,-228.79359,-1.72
23,Hufflepuff,Rosie,Tuggle,1999-07-05,Left,44987.0,673.1671096812503,0.1315163054974428,-6.731671096812503,9.421,-709.6964283834683,461.89673418950485,0.5318228689636264,1073.5852035654214,6.346026797398995,1.7477697551565254,-245.83067000000003,23.46
24,Ravenclaw,Esther,Li,2001-08-02,Left,79537.0,-511.2264383563732,7.963183549223157,5.1122643835637325,5.769,419.7555989776198,663.157592339586,7.089607790294157,1035.424804329289,7.288428374016317,0.2360522784837765,-228.83988,-6.4
25,Hufflepuff,Lucio,Wray,1999-01-21,Left,46505.0,508.1611883528949,6.11314406193578,-5.081611883528949,3.284,-387.5559813493135,407.3199405108696,5.142065215250079,1037.0804332529328,5.109155180436624,1.3300362081007877,-244.66168,19.76
26,Slytherin,Araceli,Flint,1998-03-01,Left,66246.0,-419.02208521911433,-6.655229617697697,4.190220852191144,-6.006,-322.019869231814,408.62799964753634,4.83789747048606,1039.9434988980925,8.739039146518566,0.0227922432695476,-253.04749,-91.44
27,Hufflepuff,Georgianna,Wooten,2000-01-18,Right,32991.0,612.5930323684191,4.166334753886695,-6.125930323684193,5.142,-528.8095274677344,455.1147406869151,1.8799979516358296,1047.7888270360197,6.670688893495349,0.604617316244031,-245.14028,76.2
28,Gryffindor,Mimi,Baird,1997-05-22,Left,40401.0,236.8888790015881,-5.077751004602562,-2.3688887900158813,5.517,-544.7589088830549,604.0963783054931,-4.9553196318390045,977.8967780641292,4.377128702454228,-1.5510451995400842,-249.38786,173.06
29,Hufflepuff,Brandy,Andrus,2000-12-27,Right,48832.0,458.3420379432199,3.331786028979228,-4.583420379432199,5.794,-357.1443808641858,327.38462690306415,8.575962196183463,1051.3448283965224,4.055017084006755,0.2177364837259843,-243.73112000000003,-100.06
30,Hufflepuff,David,Mcclelland,2000-03-11,Left,48984.0,600.0813499884385,3.464527018807125,-6.0008134998843845,6.881,-678.5236439998978,387.2356260460736,5.68741322272218,1069.242717805681,6.449913395821935,1.9518172949103816,-244.6194,-36.54
31,Gryffindor,Kermit,Craft,2000-11-18,Left,58112.0,514.3419372851155,-2.832054657210328,-5.143419372851155,5.754,-685.1710296006307,618.4414085954005,-7.003952866834519,957.091137731852,1.7322365656983032,0.3585953072795056,-252.33586,223.8
32,Ravenclaw,Carroll,Kersey,1999-10-20,Right,56259.0,-301.4833725111648,4.470596381712079,3.0148337251116484,6.545,887.0278523685254,650.5954044412074,5.728551916089313,1075.0938286730584,9.550556841973153,-1.1975563813262404,-229.64984,-35.06
33,Hufflepuff,Julie,Connolly,1998-05-29,Right,54477.0,413.5749839598835,4.907536817133842,-4.135749839598836,3.259,-363.0965932034584,325.8143841057654,4.604073252276106,1052.1052266728989,1.6087835209345582,0.4543663775736535,-246.1036,-48.86
34,Ravenclaw,Granville,Mulligan,2001-05-08,Right,71169.0,-766.5199010356482,4.98546710874463,7.665199010356482,,670.6124148280203,587.5367388622665,3.4827942968644243,1042.5983367173749,2.4429129732006607,,-230.82054,-38.07
35,Ravenclaw,Hannah,Canady,1998-11-06,Right,44450.0,-279.0010918745341,7.198095103701769,2.790010918745341,6.977,251.7144465726503,587.6228267343893,2.4566522833971103,1046.8355215419786,4.685132914318022,0.0070512390741821,-231.20615,50.89
36,Hufflepuff,Lucien,Burt,1998-06-03,Right,43212.0,569.2137823348702,6.738672109965893,-5.692137823348701,5.141,-383.9528598513264,379.0419596079501,2.7647390103619123,1038.4298006989293,1.575659247465963,1.6422058316382266,-244.35366,30.91
37,Hufflepuff,Julia,Montez,2001-05-04,Right,59927.0,384.37314002707774,6.690899582239733,-3.8437314002707774,6.617000000000001,-715.2215547883462,456.3540636074681,4.847747054958306,1053.7152239332383,5.760332596076107,1.0959524660246396,-241.35887,15.52
38,Slytherin,Wendell,Ratcliff,1997-08-14,Right,40775.0,-619.3515715066602,-8.887563696339651,6.193515715066601,-6.92,-267.62216563601805,376.5402382619666,6.832455538744942,1056.1574171832387,11.708296678300936,-0.0477741468298526,-251.37265,-125.38
39,Gryffindor,Angela,Han,1999-09-02,Right,36947.0,595.093516815514,-4.5399626259008725,-5.950935168155142,5.825,-526.992894168597,599.5970452832613,-4.4547142615818585,,4.163735873868918,0.4720483839118659,-251.84998,204.58
40,Gryffindor,Ben,Southard,2001-03-22,Left,52334.0,494.083695769108,-4.853242383525319,-4.94083695769108,5.4220000000000015,-413.78262153792434,603.4019170744108,-5.213071996448341,944.0464656850093,1.7817419059762996,-1.416966998705505,-252.49781,189.06
41,Hufflepuff,Orville,Hebert,1996-11-19,Right,29293.0,486.4150306274456,5.475306512698818,-4.864150306274456,6.614,-438.34397889607584,482.0620580996968,4.616138358367079,1029.8250116917336,7.088150790851537,-1.8906647860919297,-240.69411,70.68
42,Ravenclaw,Julianne,Forrest,1999-04-23,Left,41965.0,-591.878579651734,6.603584822402266,5.91878579651734,3.217,388.55508009407134,573.2188619585679,6.569018353245692,1042.5362544080783,7.568807005325795,-0.7100093957918503,-230.27083,2.56
43,Hufflepuff,Rosanna,Rinaldi,1997-07-22,Right,44741.0,432.5608992333849,3.8529080471086825,-4.325608992333849,2.268,-275.7517474501566,350.30527411138735,,1041.560877849981,6.301946027733197,0.7430643743812463,-245.25254,-64.69
44,Hufflepuff,Jerald,Woodworth,1998-12-17,Left,51536.0,440.0873111670082,5.1722758619274565,-4.400873111670082,4.542,-601.1879804095211,385.0149322785431,3.4715081598698303,1059.512001699204,4.013484140894335,-0.1440408428387395,-245.0047,-1.25
45,Ravenclaw,Letha,Kim,2000-05-17,Right,73385.0,-415.0263289492602,7.254609476514043,4.150263289492602,6.916,489.1024503769474,667.2904112153512,7.920045613054778,1058.228762712228,9.549079995699303,-1.6593503778036771,-227.92076,-28.93
46,Ravenclaw,Laverne,Burrow,2000-11-04,Left,59112.0,-390.7121666260828,4.3721050124103655,3.907121666260829,4.588,473.1527272589132,568.7877937159745,6.340340502640148,1044.9001583316203,6.523428759380362,1.1466909470801074,-233.10451,-38.71
47,Hufflepuff,Chelsey,Barney,1997-06-09,Right,52190.0,496.1748495670465,4.660387161137372,-4.961748495670465,5.138999999999999,-507.7965671067957,354.73273102288323,5.0054402954078725,1057.4527988027044,3.389501419767812,1.0588427576788306,-245.05353,-38.96
48,Slytherin,Lorna,Graves,2000-03-28,Left,68570.0,-387.7448324502113,-4.604619969975151,3.8774483245021134,-6.945,-419.16429373366526,403.71291151908974,1.72055017703211,1058.5804798295928,7.637557962209646,-0.4045276627737053,-253.98429,-54.3
49,Gryffindor,Efren,Sotelo,2000-03-24,Left,53157.0,642.0668078877801,-3.731583390209028,-6.4206680788778,5.537000000000001,-430.8413869051128,592.0578084894732,-5.679532987655486,952.4800067295448,1.6241740139985756,-2.0024508868722384,-253.20894,195.93
50,Gryffindor,Israel,Roach,1999-03-23,Right,42836.0,420.6281622512083,-5.996391408199898,-4.206281622512083,4.066,-490.6709728461078,586.5663669451293,-4.608931187986684,958.5203482884486,4.0119384673969325,-0.6921841218019021,-253.0686,177.52
